"export_header","alias","option_title","action","question_code","question_type"
"Response ID","Response ID",,"id","ResponseID",
"Time Started","Time Started",,"drop",,
"Date Submitted","Date Submitted",,"drop",,
"Status","Status",,"keep","ResponseStatus",
"IP Address","IP Address",,"drop",,
"Longitude","Longitude",,"drop",,
"Latitude","Latitude",,"drop",,
"Country","Country",,"drop",,
"City","City",,"drop",,
"State/Region","State/Region",,"drop",,
"Edit Links","Edit Links",,"drop",,
"gps_maps","gps_maps",,"drop",,
"gps_capture_field1","gps_capture_field1",,"drop",,
"gps_browser_time","gps_browser_time",,"drop",,
"gps_user_agent","gps_user_agent",,"drop",,
"gps_capture_count","gps_capture_count",,"drop",,
"gps_time_to_fix_ms","gps_time_to_fix_ms",,"drop",,
"gps_permission","gps_permission",,"drop",,
"gps_status_detail","gps_status_detail",,"drop",,
"gps_status","gps_status",,"drop",,
"gps_timestamp","gps_timestamp",,"drop",,
"gps_accuracy","gps_accuracy",,"drop",,
"gps_lon","gps_lon",,"drop",,
"gps_lat","gps_lat",,"drop",,
"Supervisor","Supervisor",,"drop",,
"Other (Specify):Supervisor","Supervisor","Other (Specify)","drop",,
"Consent","Consent",,"drop",,"RADIO"
"Age","Age",,"keep","Age","RADIO"
"Residence","Residence",,"drop",,"RADIO"
"BillPayer","BillPayer",,"keep","BillPayer","RADIO"
"Province","Province",,"keep","Province","RADIO"
"EC_Town","EC_Town",,"merge_town","Town","RADIO"
"Other (Please Specify):EC_Town","EC_Town","Other (Please Specify)","drop",,"RADIO"
"FS_Town","FS_Town",,"merge_town","Town","RADIO"
"Other (Please Specify):FS_Town","FS_Town","Other (Please Specify)","drop",,"RADIO"
"Gauteng_Town","Gauteng_Town",,"merge_town","Town","RADIO"
"Other (Please Specify):Gauteng_Town","Gauteng_Town","Other (Please Specify)","drop",,"RADIO"
"KZN_Town","KZN_Town",,"merge_town","Town","RADIO"
"Other (Please Specify):KZN_Town","KZN_Town","Other (Please Specify)","drop",,"RADIO"
"Limpopo_Town","Limpopo_Town",,"merge_town","Town","RADIO"
"Other (Please Specify):Limpopo_Town","Limpopo_Town","Other (Please Specify)","drop",,"RADIO"
"Mpuma_Town","Mpuma_Town",,"merge_town","Town","RADIO"
"Other (Please Specify):Mpuma_Town","Mpuma_Town","Other (Please Specify)","drop",,"RADIO"
"NW_Town","NW_Town",,"merge_town","Town","RADIO"
"Other (Please Specify):NW_Town","NW_Town","Other (Please Specify)","drop",,"RADIO"
"NC_Town","NC_Town",,"merge_town","Town","RADIO"
"Other (Please Specify):NC_Town","NC_Town","Other (Please Specify)","drop",,"RADIO"
"WC_Town","WC_Town",,"merge_town","Town","RADIO"
"Other (Please Specify):WC_Town","WC_Town","Other (Please Specify)","drop",,"RADIO"
"AreaType","AreaType",,"keep","AreaType","RADIO"
"Other (Please Specify):AreaType","AreaType","Other (Please Specify)","drop",,"RADIO"
"Race","Race",,"keep","Race","RADIO"
"Gender","Gender",,"keep","Gender","RADIO"
"Income","Income",,"keep","Income","RADIO"
"Bank: ATM:Awareness","Awareness","Bank: ATM","multi","Awareness","CHECKBOX"
"Bank: on their website:Awareness","Awareness","Bank: on their website","multi","Awareness","CHECKBOX"
"Bank: App on your mobile phone:Awareness","Awareness","Bank: App on your mobile phone","multi","Awareness","CHECKBOX"
"Bank: Short codes / USSD (e.g. *130*567# on your phone):Awareness","Awareness","Bank: Short codes / USSD (e.g. *130*567# on your phone)","multi","Awareness","CHECKBOX"
"Retailer: Till point (e.g. Pick n Pay or Shoprite teller) using a card:Awareness","Awareness","Retailer: Till point (e.g. Pick n Pay or Shoprite teller) using a card","multi","Awareness","CHECKBOX"
"Retailer: Till point (e.g. Pick n Pay or Shoprite teller) using cash:Awareness","Awareness","Retailer: Till point (e.g. Pick n Pay or Shoprite teller) using cash","multi","Awareness","CHECKBOX"
"Retailer: Money market counter:Awareness","Awareness","Retailer: Money market counter","multi","Awareness","CHECKBOX"
"Retailer: App on your mobile phone (e.g. Takealot, Clicks App, PnP app, MrPrice app, etc.):Awareness","Awareness","Retailer: App on your mobile phone (e.g. Takealot, Clicks App, PnP app, MrPrice app, etc.)","multi","Awareness","CHECKBOX"
"Retailer: on their website:Awareness","Awareness","Retailer: on their website","multi","Awareness","CHECKBOX"
"Retailer: Convenience store / forecourt convenience store (e.g. Engen Quickshop, Shell Select or 7-Eleven):Awareness","Awareness","Retailer: Convenience store / forecourt convenience store (e.g. Engen Quickshop, Shell Select or 7-Eleven)","multi","Awareness","CHECKBOX"
"Mobile Network Provider: App on phone (e.g. MTN, Vodacom, Cell-C, Telkom Mobile):Awareness","Awareness","Mobile Network Provider: App on phone (e.g. MTN, Vodacom, Cell-C, Telkom Mobile)","multi","Awareness","CHECKBOX"
"Spaza Shop / Kiosk:Awareness","Awareness","Spaza Shop / Kiosk","multi","Awareness","CHECKBOX"
"Other (Please Specify):Awareness","Awareness","Other (Please Specify)","multi","Awareness","CHECKBOX"
"Your own household:PPU","PPU","Your own household","multi","PPU","CHECKBOX"
"Someone else:PPU","PPU","Someone else","multi","PPU","CHECKBOX"
"Have not bought any:PPU","PPU","Have not bought any","multi","PPU","CHECKBOX"
"PPUOwnFreq1","PPUOwnFreq1",,"engine",,"RADIO"
"PPUOwnFreq2","PPUOwnFreq2",,"engine",,"RADIO"
"PPUOwnFreq3","PPUOwnFreq3",,"engine",,"RADIO"
"PPUOwnFreq4","PPUOwnFreq4",,"engine",,"RADIO"
"PPUOwnAmount","PPUOwnAmount",,"engine",,"TEXTBOX"
"PPUOthFreq1","PPUOthFreq1",,"engine",,"RADIO"
"PPUOthFreq2","PPUOthFreq2",,"engine",,"RADIO"
"PPUOthFreq3","PPUOthFreq3",,"engine",,"RADIO"
"PPUOthFreq4","PPUOthFreq4",,"engine",,"RADIO"
"PPUOthAmount","PPUOthAmount",,"engine",,"TEXTBOX"
"PPUChannelMain","PPUChannelMain",,"keep","PPUChannelMain","RADIO"
"Other (Please Specify):PPUChannelMain","PPUChannelMain","Other (Please Specify)","drop",,"RADIO"
"Bank: ATM:PPUOthChannel","PPUOthChannel","Bank: ATM","multi","PPUOthChannel","CHECKBOX"
"Bank: on their website:PPUOthChannel","PPUOthChannel","Bank: on their website","multi","PPUOthChannel","CHECKBOX"
"Bank: App on your mobile phone:PPUOthChannel","PPUOthChannel","Bank: App on your mobile phone","multi","PPUOthChannel","CHECKBOX"
"Bank: Short codes / USSD (e.g. *130*567# on your phone):PPUOthChannel","PPUOthChannel","Bank: Short codes / USSD (e.g. *130*567# on your phone)","multi","PPUOthChannel","CHECKBOX"
"Retailer: Till point (e.g. Pick n Pay or Shoprite teller) using cash:PPUOthChannel","PPUOthChannel","Retailer: Till point (e.g. Pick n Pay or Shoprite teller) using cash","multi","PPUOthChannel","CHECKBOX"
"Retailer: Till point (e.g. Pick n Pay or Shoprite teller) using a card:PPUOthChannel","PPUOthChannel","Retailer: Till point (e.g. Pick n Pay or Shoprite teller) using a card","multi","PPUOthChannel","CHECKBOX"
"Retailer: Money market counter:PPUOthChannel","PPUOthChannel","Retailer: Money market counter","multi","PPUOthChannel","CHECKBOX"
"Retailer: App on your mobile phone (e.g. Takealot, Clicks App, PnP app, MrPrice app, etc.):PPUOthChannel","PPUOthChannel","Retailer: App on your mobile phone (e.g. Takealot, Clicks App, PnP app, MrPrice app, etc.)","multi","PPUOthChannel","CHECKBOX"
"Retailer: on their website:PPUOthChannel","PPUOthChannel","Retailer: on their website","multi","PPUOthChannel","CHECKBOX"
"Retailer: Convenience store / forecourt convenience store (e.g. Engen Quickshop, Shell Select or 7-Eleven):PPUOthChannel","PPUOthChannel","Retailer: Convenience store / forecourt convenience store (e.g. Engen Quickshop, Shell Select or 7-Eleven)","multi","PPUOthChannel","CHECKBOX"
"Mobile Network Provider: App on phone (e.g. MTN, Vodacom, Cell-C, Telkom Mobile):PPUOthChannel","PPUOthChannel","Mobile Network Provider: App on phone (e.g. MTN, Vodacom, Cell-C, Telkom Mobile)","multi","PPUOthChannel","CHECKBOX"
"Spaza Shop / Kiosk:PPUOthChannel","PPUOthChannel","Spaza Shop / Kiosk","multi","PPUOthChannel","CHECKBOX"
"Other (Please Specify):PPUOthChannel","PPUOthChannel","Other (Please Specify)","multi","PPUOthChannel","CHECKBOX"
"Nowhere else:PPUOthChannel","PPUOthChannel","Nowhere else","multi","PPUOthChannel","CHECKBOX"
"Myself:Airtime","Airtime","Myself","multi","Airtime","CHECKBOX"
"Someone else:Airtime","Airtime","Someone else","multi","Airtime","CHECKBOX"
"Have not bought any:Airtime","Airtime","Have not bought any","multi","Airtime","CHECKBOX"
"AirtimeOwnFreq1","AirtimeOwnFreq1",,"engine",,"RADIO"
"AirtimeOwnFreq2","AirtimeOwnFreq2",,"engine",,"RADIO"
"AirtimeOwnFreq3","AirtimeOwnFreq3",,"engine",,"RADIO"
"AirtimeOwnFreq4","AirtimeOwnFreq4",,"engine",,"RADIO"
"AirtimeOwnAmount","AirtimeOwnAmount",,"engine",,"TEXTBOX"
"AirtimeOthFreq1","AirtimeOthFreq1",,"engine",,"RADIO"
"AirtimeOthFreq2","AirtimeOthFreq2",,"engine",,"RADIO"
"AirtimeOthFreq3","AirtimeOthFreq3",,"engine",,"RADIO"
"AirtimeOthFreq4","AirtimeOthFreq4",,"engine",,"RADIO"
"AirtimeOthAmount","AirtimeOthAmount",,"engine",,"TEXTBOX"
"AirtimeChannelMain","AirtimeChannelMain",,"keep","AirtimeChannelMain","RADIO"
"Other (Please Specify):AirtimeChannelMain","AirtimeChannelMain","Other (Please Specify)","drop",,"RADIO"
"Bank: ATM:AirtimeChannelOther","AirtimeChannelOther","Bank: ATM","multi","AirtimeChannelOther","CHECKBOX"
"Bank: on their website:AirtimeChannelOther","AirtimeChannelOther","Bank: on their website","multi","AirtimeChannelOther","CHECKBOX"
"Bank: App on your mobile phone:AirtimeChannelOther","AirtimeChannelOther","Bank: App on your mobile phone","multi","AirtimeChannelOther","CHECKBOX"
"Bank: Short codes / USSD (e.g. *130*567# on your phone):AirtimeChannelOther","AirtimeChannelOther","Bank: Short codes / USSD (e.g. *130*567# on your phone)","multi","AirtimeChannelOther","CHECKBOX"
"Retailer: Till point (e.g. Pick n Pay or Shoprite teller) using cash:AirtimeChannelOther","AirtimeChannelOther","Retailer: Till point (e.g. Pick n Pay or Shoprite teller) using cash","multi","AirtimeChannelOther","CHECKBOX"
"Retailer: Till point (e.g. Pick n Pay or Shoprite teller) using a card:AirtimeChannelOther","AirtimeChannelOther","Retailer: Till point (e.g. Pick n Pay or Shoprite teller) using a card","multi","AirtimeChannelOther","CHECKBOX"
"Retailer: Money market counter:AirtimeChannelOther","AirtimeChannelOther","Retailer: Money market counter","multi","AirtimeChannelOther","CHECKBOX"
"Retailer: App on your mobile phone (e.g. Takealot, Clicks App, PnP app, MrPrice app, etc.):AirtimeChannelOther","AirtimeChannelOther","Retailer: App on your mobile phone (e.g. Takealot, Clicks App, PnP app, MrPrice app, etc.)","multi","AirtimeChannelOther","CHECKBOX"
"Retailer: on their website:AirtimeChannelOther","AirtimeChannelOther","Retailer: on their website","multi","AirtimeChannelOther","CHECKBOX"
"Retailer: Convenience store / forecourt convenience store (e.g. Engen Quickshop, Shell Select or 7-Eleven):AirtimeChannelOther","AirtimeChannelOther","Retailer: Convenience store / forecourt convenience store (e.g. Engen Quickshop, Shell Select or 7-Eleven)","multi","AirtimeChannelOther","CHECKBOX"
"Mobile Network Provider: App on phone (e.g. MTN, Vodacom, Cell-C, Telkom Mobile):AirtimeChannelOther","AirtimeChannelOther","Mobile Network Provider: App on phone (e.g. MTN, Vodacom, Cell-C, Telkom Mobile)","multi","AirtimeChannelOther","CHECKBOX"
"Spaza Shop / Kiosk:AirtimeChannelOther","AirtimeChannelOther","Spaza Shop / Kiosk","multi","AirtimeChannelOther","CHECKBOX"
"Other (Please Specify):AirtimeChannelOther","AirtimeChannelOther","Other (Please Specify)","multi","AirtimeChannelOther","CHECKBOX"
"Nowhere else:AirtimeChannelOther","AirtimeChannelOther","Nowhere else","multi","AirtimeChannelOther","CHECKBOX"
"Myself:Data","Data","Myself","multi","Data","CHECKBOX"
"Someone else:Data","Data","Someone else","multi","Data","CHECKBOX"
"Have not bought any:Data","Data","Have not bought any","multi","Data","CHECKBOX"
"DataSelfFreq1","DataSelfFreq1",,"engine",,"RADIO"
"DataSelfFreq2","DataSelfFreq2",,"engine",,"RADIO"
"DataSelfFreq3","DataSelfFreq3",,"engine",,"RADIO"
"DataSelfFreq4","DataSelfFreq4",,"engine",,"RADIO"
"DataAmountSelf","DataAmountSelf",,"engine",,"TEXTBOX"
"DataOthFreq1","DataOthFreq1",,"engine",,"RADIO"
"DataOthFreq2","DataOthFreq2",,"engine",,"RADIO"
"DataOthFreq3","DataOthFreq3",,"engine",,"RADIO"
"DataOthFreq4","DataOthFreq4",,"engine",,"RADIO"
"DataOthAmount","DataOthAmount",,"engine",,"TEXTBOX"
"DataChannelMain","DataChannelMain",,"keep","DataChannelMain","RADIO"
"Other (Please Specify):DataChannelMain","DataChannelMain","Other (Please Specify)","drop",,"RADIO"
"Bank: ATM:DataChannelOther","DataChannelOther","Bank: ATM","multi","DataChannelOther","CHECKBOX"
"Bank: on their website:DataChannelOther","DataChannelOther","Bank: on their website","multi","DataChannelOther","CHECKBOX"
"Bank: App on your mobile phone:DataChannelOther","DataChannelOther","Bank: App on your mobile phone","multi","DataChannelOther","CHECKBOX"
"Bank: Short codes / USSD (e.g. *130*567# on your phone):DataChannelOther","DataChannelOther","Bank: Short codes / USSD (e.g. *130*567# on your phone)","multi","DataChannelOther","CHECKBOX"
"Retailer: Till point (e.g. Pick n Pay or Shoprite teller) using cash:DataChannelOther","DataChannelOther","Retailer: Till point (e.g. Pick n Pay or Shoprite teller) using cash","multi","DataChannelOther","CHECKBOX"
"Retailer: Till point (e.g. Pick n Pay or Shoprite teller) using a card:DataChannelOther","DataChannelOther","Retailer: Till point (e.g. Pick n Pay or Shoprite teller) using a card","multi","DataChannelOther","CHECKBOX"
"Retailer: Money market counter:DataChannelOther","DataChannelOther","Retailer: Money market counter","multi","DataChannelOther","CHECKBOX"
"Retailer: App on your mobile phone (e.g. Takealot, Clicks App, PnP app, MrPrice app, etc.):DataChannelOther","DataChannelOther","Retailer: App on your mobile phone (e.g. Takealot, Clicks App, PnP app, MrPrice app, etc.)","multi","DataChannelOther","CHECKBOX"
"Retailer: on their website:DataChannelOther","DataChannelOther","Retailer: on their website","multi","DataChannelOther","CHECKBOX"
"Retailer: Convenience store / forecourt convenience store (e.g. Engen Quickshop, Shell Select or 7-Eleven):DataChannelOther","DataChannelOther","Retailer: Convenience store / forecourt convenience store (e.g. Engen Quickshop, Shell Select or 7-Eleven)","multi","DataChannelOther","CHECKBOX"
"Mobile Network Provider: App on phone (e.g. MTN, Vodacom, Cell-C, Telkom Mobile):DataChannelOther","DataChannelOther","Mobile Network Provider: App on phone (e.g. MTN, Vodacom, Cell-C, Telkom Mobile)","multi","DataChannelOther","CHECKBOX"
"Spaza Shop / Kiosk:DataChannelOther","DataChannelOther","Spaza Shop / Kiosk","multi","DataChannelOther","CHECKBOX"
"Other (Please Specify):DataChannelOther","DataChannelOther","Other (Please Specify)","multi","DataChannelOther","CHECKBOX"
"Nowhere else:DataChannelOther","DataChannelOther","Nowhere else","multi","DataChannelOther","CHECKBOX"
"Myself:Bill","Bill","Myself","multi","Bill","CHECKBOX"
"Someone else:Bill","Bill","Someone else","multi","Bill","CHECKBOX"
"Have not paid any:Bill","Bill","Have not paid any","multi","Bill","CHECKBOX"
"Multi-choice / DSTV:BillOwnWhich","BillOwnWhich","Multi-choice / DSTV","engine",,"CHECKBOX"
"Municipal Account:BillOwnWhich","BillOwnWhich","Municipal Account","engine",,"CHECKBOX"
"Telkom/Cellphone bill:BillOwnWhich","BillOwnWhich","Telkom/Cellphone bill","engine",,"CHECKBOX"
"Insurance and funeral policies:BillOwnWhich","BillOwnWhich","Insurance and funeral policies","engine",,"CHECKBOX"
"Internet Subscription:BillOwnWhich","BillOwnWhich","Internet Subscription","engine",,"CHECKBOX"
"Vehicle License:BillOwnWhich","BillOwnWhich","Vehicle License","engine",,"CHECKBOX"
"TV License:BillOwnWhich","BillOwnWhich","TV License","engine",,"CHECKBOX"
"Traffic fines:BillOwnWhich","BillOwnWhich","Traffic fines","engine",,"CHECKBOX"
"Clothing/Fashion/Beauty:BillOwnWhich","BillOwnWhich","Clothing/Fashion/Beauty","engine",,"CHECKBOX"
"Furniture:BillOwnWhich","BillOwnWhich","Furniture","engine",,"CHECKBOX"
"Education (E.g. business college):BillOwnWhich","BillOwnWhich","Education (E.g. business college)","engine",,"CHECKBOX"
"Health (E.g pathology lab):BillOwnWhich","BillOwnWhich","Health (E.g pathology lab)","engine",,"CHECKBOX"
"Retail Credit Account or Store Card e.g. RCS or a Makro Card:BillOwnWhich","BillOwnWhich","Retail Credit Account or Store Card e.g. RCS or a Makro Card","engine",,"CHECKBOX"
"Other (Please Specify):BillOwnWhich","BillOwnWhich","Other (Please Specify)","engine",,"CHECKBOX"
"BillDSTVOwnAmount","BillDSTVOwnAmount",,"engine",,"TEXTBOX"
"BillMunicipalOwnAmount","BillMunicipalOwnAmount",,"engine",,"TEXTBOX"
"BillTelkomOwnAmount","BillTelkomOwnAmount",,"engine",,"TEXTBOX"
"BillInsuranceOwnAmount","BillInsuranceOwnAmount",,"engine",,"TEXTBOX"
"BillInternetOwnAmount","BillInternetOwnAmount",,"engine",,"TEXTBOX"
"BillVehicleOwnAmount","BillVehicleOwnAmount",,"engine",,"TEXTBOX"
"BillTrafficOwnFreq1","BillTrafficOwnFreq1",,"engine",,"RADIO"
"BillTrafficOwnFreq2","BillTrafficOwnFreq2",,"engine",,"RADIO"
"BillTrafficOwnFreq3","BillTrafficOwnFreq3",,"engine",,"RADIO"
"BillTrafficOwnFreq4","BillTrafficOwnFreq4",,"engine",,"RADIO"
"BillTrafficOwnAmount","BillTrafficOwnAmount",,"engine",,"TEXTBOX"
"BillClothingOwnFreq1","BillClothingOwnFreq1",,"engine",,"RADIO"
"BillClothingOwnFreq2","BillClothingOwnFreq2",,"engine",,"RADIO"
"BillClothingOwnFreq3","BillClothingOwnFreq3",,"engine",,"RADIO"
"BillClothingOwnFreq4","BillClothingOwnFreq4",,"engine",,"RADIO"
"BillClothingOwnAmount","BillClothingOwnAmount",,"engine",,"TEXTBOX"
"BillFurnitureOwnFreq1","BillFurnitureOwnFreq1",,"engine",,"RADIO"
"BillFurnitureOwnFreq2","BillFurnitureOwnFreq2",,"engine",,"RADIO"
"BillFurnitureOwnFreq3","BillFurnitureOwnFreq3",,"engine",,"RADIO"
"BillFurnitureOwnFreq4","BillFurnitureOwnFreq4",,"engine",,"RADIO"
"BillFurnitureOwnAmount","BillFurnitureOwnAmount",,"engine",,"TEXTBOX"
"BillEducationOwnFreq1","BillEducationOwnFreq1",,"engine",,"RADIO"
"BillEducationOwnFreq2","BillEducationOwnFreq2",,"engine",,"RADIO"
"BillEducationOwnFreq3","BillEducationOwnFreq3",,"engine",,"RADIO"
"BillEducationOwnFreq4","BillEducationOwnFreq4",,"engine",,"RADIO"
"BillEducationOwnAmount","BillEducationOwnAmount",,"engine",,"TEXTBOX"
"BillHealthOwnFreq1","BillHealthOwnFreq1",,"engine",,"RADIO"
"BillHealthOwnFreq2","BillHealthOwnFreq2",,"engine",,"RADIO"
"BillHealthOwnFreq3","BillHealthOwnFreq3",,"engine",,"RADIO"
"BillHealthOwnFreq4","BillHealthOwnFreq4",,"engine",,"RADIO"
"BillHealthOwnAmount","BillHealthOwnAmount",,"engine",,"TEXTBOX"
"BillRetailOwnFreq1","BillRetailOwnFreq1",,"engine",,"RADIO"
"BillRetailOwnFreq2","BillRetailOwnFreq2",,"engine",,"RADIO"
"BillRetailOwnFreq3","BillRetailOwnFreq3",,"engine",,"RADIO"
"BillRetailOwnFreq4","BillRetailOwnFreq4",,"engine",,"RADIO"
"BillRetailOwnAmount","BillRetailOwnAmount",,"engine",,"TEXTBOX"
"BillOtherOwnFreq1","BillOtherOwnFreq1",,"engine",,"RADIO"
"BillOtherOwnFreq2","BillOtherOwnFreq2",,"engine",,"RADIO"
"BillOtherOwnFreq3","BillOtherOwnFreq3",,"engine",,"RADIO"
"BillOtherOwnFreq4","BillOtherOwnFreq4",,"engine",,"RADIO"
"BillOtherOwnAmount","BillOtherOwnAmount",,"engine",,"TEXTBOX"
"Multi-choice / DSTV:BillOthWhich","BillOthWhich","Multi-choice / DSTV","engine",,"CHECKBOX"
"Municipal Account:BillOthWhich","BillOthWhich","Municipal Account","engine",,"CHECKBOX"
"Telkom/Cellphone bill:BillOthWhich","BillOthWhich","Telkom/Cellphone bill","engine",,"CHECKBOX"
"Insurance and funeral policies:BillOthWhich","BillOthWhich","Insurance and funeral policies","engine",,"CHECKBOX"
"Traffic fines:BillOthWhich","BillOthWhich","Traffic fines","engine",,"CHECKBOX"
"TV License:BillOthWhich","BillOthWhich","TV License","engine",,"CHECKBOX"
"Clothing/Fashion/Beauty:BillOthWhich","BillOthWhich","Clothing/Fashion/Beauty","engine",,"CHECKBOX"
"Furniture:BillOthWhich","BillOthWhich","Furniture","engine",,"CHECKBOX"
"Education (E.g. business college):BillOthWhich","BillOthWhich","Education (E.g. business college)","engine",,"CHECKBOX"
"Vehicle License:BillOthWhich","BillOthWhich","Vehicle License","engine",,"CHECKBOX"
"Internet Subscription:BillOthWhich","BillOthWhich","Internet Subscription","engine",,"CHECKBOX"
"Health (E.g pathology lab):BillOthWhich","BillOthWhich","Health (E.g pathology lab)","engine",,"CHECKBOX"
"Retail Credit Account or Store Card e.g. RCS or a Makro Card:BillOthWhich","BillOthWhich","Retail Credit Account or Store Card e.g. RCS or a Makro Card","engine",,"CHECKBOX"
"Other (Please Specify):BillOthWhich","BillOthWhich","Other (Please Specify)","engine",,"CHECKBOX"
"BillDSTVOthAmount","BillDSTVOthAmount",,"engine",,"TEXTBOX"
"BillMunicipalOthAmount","BillMunicipalOthAmount",,"engine",,"TEXTBOX"
"BillTelkomOthAmount","BillTelkomOthAmount",,"engine",,"TEXTBOX"
"BillInsuranceOthAmount","BillInsuranceOthAmount",,"engine",,"TEXTBOX"
"BillInternetOthAmount","BillInternetOthAmount",,"engine",,"TEXTBOX"
"BillVehicleOthAmount","BillVehicleOthAmount",,"engine",,"TEXTBOX"
"BillTrafficOthFreq1","BillTrafficOthFreq1",,"engine",,"RADIO"
"BillTrafficOthFreq2","BillTrafficOthFreq2",,"engine",,"RADIO"
"BillTrafficOthFreq3","BillTrafficOthFreq3",,"engine",,"RADIO"
"BillTrafficOthFreq4","BillTrafficOthFreq4",,"engine",,"RADIO"
"BillTrafficOthAmount","BillTrafficOthAmount",,"engine",,"TEXTBOX"
"BillClothingOthFreq1","BillClothingOthFreq1",,"engine",,"RADIO"
"BillClothingOthFreq2","BillClothingOthFreq2",,"engine",,"RADIO"
"BillClothingOthFreq3","BillClothingOthFreq3",,"engine",,"RADIO"
"BillClothingOthFreq4","BillClothingOthFreq4",,"engine",,"RADIO"
"BillClothingOthAmount","BillClothingOthAmount",,"engine",,"TEXTBOX"
"BillFurnitureOthFreq1","BillFurnitureOthFreq1",,"engine",,"RADIO"
"BillFurnitureOthFreq2","BillFurnitureOthFreq2",,"engine",,"RADIO"
"BillFurnitureOthFreq3","BillFurnitureOthFreq3",,"engine",,"RADIO"
"BillFurnitureOthFreq4","BillFurnitureOthFreq4",,"engine",,"RADIO"
"BillFurnitureOthAmount","BillFurnitureOthAmount",,"engine",,"TEXTBOX"
"BillEducationOthFreq1","BillEducationOthFreq1",,"engine",,"RADIO"
"BillEducationOthFreq2","BillEducationOthFreq2",,"engine",,"RADIO"
"BillEducationOthFreq3","BillEducationOthFreq3",,"engine",,"RADIO"
"BillEducationOthFreq4","BillEducationOthFreq4",,"engine",,"RADIO"
"BillEducationOthAmount","BillEducationOthAmount",,"engine",,"TEXTBOX"
"BillHealthOthFreq1","BillHealthOthFreq1",,"engine",,"RADIO"
"BillHealthOthFreq2","BillHealthOthFreq2",,"engine",,"RADIO"
"BillHealthOthFreq3","BillHealthOthFreq3",,"engine",,"RADIO"
"BillHealthOthFreq4","BillHealthOthFreq4",,"engine",,"RADIO"
"BillHealthOthAmount","BillHealthOthAmount",,"engine",,"TEXTBOX"
"BillRetailOthFreq1","BillRetailOthFreq1",,"engine",,"RADIO"
"BillRetailOthFreq2","BillRetailOthFreq2",,"engine",,"RADIO"
"BillRetailOthFreq3","BillRetailOthFreq3",,"engine",,"RADIO"
"BillRetailOthFreq4","BillRetailOthFreq4",,"engine",,"RADIO"
"BillRetailOthAmount","BillRetailOthAmount",,"engine",,"TEXTBOX"
"BillOtherOthFreq1","BillOtherOthFreq1",,"engine",,"RADIO"
"BillOtherOthFreq2","BillOtherOthFreq2",,"engine",,"RADIO"
"BillOtherOthFreq3","BillOtherOthFreq3",,"engine",,"RADIO"
"BillOtherOthFreq4","BillOtherOthFreq4",,"engine",,"RADIO"
"BillOtherOthAmount","BillOtherOthAmount",,"engine",,"TEXTBOX"
"BillChannelMain","BillChannelMain",,"keep","BillChannelMain","RADIO"
"Other (Please Specify):BillChannelMain","BillChannelMain","Other (Please Specify)","drop",,"RADIO"
"Bank: ATM:BillChannelOther","BillChannelOther","Bank: ATM","multi","BillChannelOther","CHECKBOX"
"Bank: on their website:BillChannelOther","BillChannelOther","Bank: on their website","multi","BillChannelOther","CHECKBOX"
"Bank: App on your mobile phone:BillChannelOther","BillChannelOther","Bank: App on your mobile phone","multi","BillChannelOther","CHECKBOX"
"Bank: Short codes / USSD (e.g. *130*567# on your phone):BillChannelOther","BillChannelOther","Bank: Short codes / USSD (e.g. *130*567# on your phone)","multi","BillChannelOther","CHECKBOX"
"Retailer: Till point (e.g. Pick n Pay or Shoprite teller) using a card:BillChannelOther","BillChannelOther","Retailer: Till point (e.g. Pick n Pay or Shoprite teller) using a card","multi","BillChannelOther","CHECKBOX"
"Retailer: Till point (e.g. Pick n Pay or Shoprite teller) using cash:BillChannelOther","BillChannelOther","Retailer: Till point (e.g. Pick n Pay or Shoprite teller) using cash","multi","BillChannelOther","CHECKBOX"
"Retailer: Money market counter:BillChannelOther","BillChannelOther","Retailer: Money market counter","multi","BillChannelOther","CHECKBOX"
"Retailer: App on your mobile phone (e.g. Takealot, Clicks App, PnP app, MrPrice app, etc.):BillChannelOther","BillChannelOther","Retailer: App on your mobile phone (e.g. Takealot, Clicks App, PnP app, MrPrice app, etc.)","multi","BillChannelOther","CHECKBOX"
"Retailer: on their website:BillChannelOther","BillChannelOther","Retailer: on their website","multi","BillChannelOther","CHECKBOX"
"Retailer: Convenience store / forecourt convenience store (e.g. Engen Quickshop, Shell Select or 7-Eleven):BillChannelOther","BillChannelOther","Retailer: Convenience store / forecourt convenience store (e.g. Engen Quickshop, Shell Select or 7-Eleven)","multi","BillChannelOther","CHECKBOX"
"Mobile Network Provider: App on phone (e.g. MTN, Vodacom, Cell-C, Telkom Mobile):BillChannelOther","BillChannelOther","Mobile Network Provider: App on phone (e.g. MTN, Vodacom, Cell-C, Telkom Mobile)","multi","BillChannelOther","CHECKBOX"
"Spaza Shop / Kiosk:BillChannelOther","BillChannelOther","Spaza Shop / Kiosk","multi","BillChannelOther","CHECKBOX"
"Other (Please Specify):BillChannelOther","BillChannelOther","Other (Please Specify)","multi","BillChannelOther","CHECKBOX"
"Nowhere else:BillChannelOther","BillChannelOther","Nowhere else","multi","BillChannelOther","CHECKBOX"
"DomSend","DomSend",,"keep","DomSend","RADIO"
"DomSendFreq1","DomSendFreq1",,"engine",,"RADIO"
"DomSendFreq2","DomSendFreq2",,"engine",,"RADIO"
"DomSendFreq3","DomSendFreq3",,"engine",,"RADIO"
"DomSendFreq4","DomSendFreq4",,"engine",,"RADIO"
"DomSendAmount","DomSendAmount",,"engine",,"TEXTBOX"
"DomSendPlatform","DomSendPlatform",,"keep","DomSendPlatform","RADIO"
"Other (Please Specify):DomSendPlatform","DomSendPlatform","Other (Please Specify)","drop",,"RADIO"
"DomSendChannelMain","DomSendChannelMain",,"keep","DomSendChannelMain","RADIO"
"Other (Please Specify):DomSendChannelMain","DomSendChannelMain","Other (Please Specify)","drop",,"RADIO"
"Bank: ATM:DomSendChannelOther","DomSendChannelOther","Bank: ATM","multi","DomSendChannelOther","CHECKBOX"
"Bank: on their website:DomSendChannelOther","DomSendChannelOther","Bank: on their website","multi","DomSendChannelOther","CHECKBOX"
"Bank: App on your mobile phone:DomSendChannelOther","DomSendChannelOther","Bank: App on your mobile phone","multi","DomSendChannelOther","CHECKBOX"
"Retailer: Till point (e.g. Pick n Pay or Shoprite teller) using a card:DomSendChannelOther","DomSendChannelOther","Retailer: Till point (e.g. Pick n Pay or Shoprite teller) using a card","multi","DomSendChannelOther","CHECKBOX"
"Retailer: Till point (e.g. Pick n Pay or Shoprite teller) using cash:DomSendChannelOther","DomSendChannelOther","Retailer: Till point (e.g. Pick n Pay or Shoprite teller) using cash","multi","DomSendChannelOther","CHECKBOX"
"Retailer: Money market counter:DomSendChannelOther","DomSendChannelOther","Retailer: Money market counter","multi","DomSendChannelOther","CHECKBOX"
"Mobile Network Provider: App on phone (e.g. MTN, Vodacom, Cell-C, Telkom Mobile):DomSendChannelOther","DomSendChannelOther","Mobile Network Provider: App on phone (e.g. MTN, Vodacom, Cell-C, Telkom Mobile)","multi","DomSendChannelOther","CHECKBOX"
"Spaza Shop / Kiosk:DomSendChannelOther","DomSendChannelOther","Spaza Shop / Kiosk","multi","DomSendChannelOther","CHECKBOX"
"Other (Please Specify):DomSendChannelOther","DomSendChannelOther","Other (Please Specify)","multi","DomSendChannelOther","CHECKBOX"
"Nowhere else:DomSendChannelOther","DomSendChannelOther","Nowhere else","multi","DomSendChannelOther","CHECKBOX"
"DomRcv","DomRcv",,"keep","DomRcv","RADIO"
"DomRcvFreq1","DomRcvFreq1",,"engine",,"RADIO"
"DomRcvFreq2","DomRcvFreq2",,"engine",,"RADIO"
"DomRcvFreq3","DomRcvFreq3",,"engine",,"RADIO"
"DomRcvFreq4","DomRcvFreq4",,"engine",,"RADIO"
"DomRcvAmount","DomRcvAmount",,"engine",,"TEXTBOX"
"DomRcvChannelMain","DomRcvChannelMain",,"keep","DomRcvChannelMain","RADIO"
"Other (Please Specify):DomRcvChannelMain","DomRcvChannelMain","Other (Please Specify)","drop",,"RADIO"
"Bank: ATM:DomRcvChannelOther","DomRcvChannelOther","Bank: ATM","multi","DomRcvChannelOther","CHECKBOX"
"Retailer: Till point (e.g. Pick n Pay or Shoprite teller):DomRcvChannelOther","DomRcvChannelOther","Retailer: Till point (e.g. Pick n Pay or Shoprite teller)","multi","DomRcvChannelOther","CHECKBOX"
"Retailer: Money market counter:DomRcvChannelOther","DomRcvChannelOther","Retailer: Money market counter","multi","DomRcvChannelOther","CHECKBOX"
"Spaza Shop / Kiosk:DomRcvChannelOther","DomRcvChannelOther","Spaza Shop / Kiosk","multi","DomRcvChannelOther","CHECKBOX"
"Other (Please Specify):DomRcvChannelOther","DomRcvChannelOther","Other (Please Specify)","multi","DomRcvChannelOther","CHECKBOX"
"Nowhere else:DomRcvChannelOther","DomRcvChannelOther","Nowhere else","multi","DomRcvChannelOther","CHECKBOX"
"IntlSend","IntlSend",,"keep","IntlSend","RADIO"
"IntlSendFreq1","IntlSendFreq1",,"engine",,"RADIO"
"IntlSendFreq2","IntlSendFreq2",,"engine",,"RADIO"
"IntlSendFreq3","IntlSendFreq3",,"engine",,"RADIO"
"IntlSendFreq4","IntlSendFreq4",,"engine",,"RADIO"
"IntlSendAmount","IntlSendAmount",,"engine",,"TEXTBOX"
"IntlSendPlatform","IntlSendPlatform",,"keep","IntlSendPlatform","RADIO"
"Other (Please Specify):IntlSendPlatform","IntlSendPlatform","Other (Please Specify)","drop",,"RADIO"
"IntlSendChannelMain","IntlSendChannelMain",,"keep","IntlSendChannelMain","RADIO"
"Other (Please Specify):IntlSendChannelMain","IntlSendChannelMain","Other (Please Specify)","drop",,"RADIO"
"Retailer: Till point (e.g. Pick n Pay or Shoprite teller):IntlSendChannelOther","IntlSendChannelOther","Retailer: Till point (e.g. Pick n Pay or Shoprite teller)","multi","IntlSendChannelOther","CHECKBOX"
"Retailer: Money market counter:IntlSendChannelOther","IntlSendChannelOther","Retailer: Money market counter","multi","IntlSendChannelOther","CHECKBOX"
"Money Transfer Provider App on your phone (Mukuru App, Mama Money App, etc):IntlSendChannelOther","IntlSendChannelOther","Money Transfer Provider App on your phone (Mukuru App, Mama Money App, etc)","multi","IntlSendChannelOther","CHECKBOX"
"Banking App (Capitec, ABSA, etc):IntlSendChannelOther","IntlSendChannelOther","Banking App (Capitec, ABSA, etc)","multi","IntlSendChannelOther","CHECKBOX"
"Spaza Shop / Kiosk:IntlSendChannelOther","IntlSendChannelOther","Spaza Shop / Kiosk","multi","IntlSendChannelOther","CHECKBOX"
"Other (Please Specify):IntlSendChannelOther","IntlSendChannelOther","Other (Please Specify)","multi","IntlSendChannelOther","CHECKBOX"
"Nowhere else:IntlSendChannelOther","IntlSendChannelOther","Nowhere else","multi","IntlSendChannelOther","CHECKBOX"
"Lotto","Lotto",,"keep","Lotto","RADIO"
"LottoFreq1","LottoFreq1",,"engine",,"RADIO"
"LottoFreq2","LottoFreq2",,"engine",,"RADIO"
"LottoFreq3","LottoFreq3",,"engine",,"RADIO"
"LottoFreq4","LottoFreq4",,"engine",,"RADIO"
"LottoAmount","LottoAmount",,"engine",,"TEXTBOX"
"LottoChannelMain","LottoChannelMain",,"keep","LottoChannelMain","RADIO"
"Other (Please Specify):LottoChannelMain","LottoChannelMain","Other (Please Specify)","drop",,"RADIO"
"Bank: ATM:LottoChannelOther","LottoChannelOther","Bank: ATM","multi","LottoChannelOther","CHECKBOX"
"Bank: on their website:LottoChannelOther","LottoChannelOther","Bank: on their website","multi","LottoChannelOther","CHECKBOX"
"Bank: App on your mobile phone:LottoChannelOther","LottoChannelOther","Bank: App on your mobile phone","multi","LottoChannelOther","CHECKBOX"
"Bank: Short codes / USSD (e.g. *130*567# on your phone):LottoChannelOther","LottoChannelOther","Bank: Short codes / USSD (e.g. *130*567# on your phone)","multi","LottoChannelOther","CHECKBOX"
"Retailer: Till point (e.g. Pick n Pay or Shoprite teller) using cash:LottoChannelOther","LottoChannelOther","Retailer: Till point (e.g. Pick n Pay or Shoprite teller) using cash","multi","LottoChannelOther","CHECKBOX"
"Retailer: Till point (e.g. Pick n Pay or Shoprite teller) using a card:LottoChannelOther","LottoChannelOther","Retailer: Till point (e.g. Pick n Pay or Shoprite teller) using a card","multi","LottoChannelOther","CHECKBOX"
"Retailer: Money market counter:LottoChannelOther","LottoChannelOther","Retailer: Money market counter","multi","LottoChannelOther","CHECKBOX"
"Retailer: App on your mobile phone (e.g. Takealot, Clicks App, PnP app, MrPrice app, etc.):LottoChannelOther","LottoChannelOther","Retailer: App on your mobile phone (e.g. Takealot, Clicks App, PnP app, MrPrice app, etc.)","multi","LottoChannelOther","CHECKBOX"
"Retailer: on their website:LottoChannelOther","LottoChannelOther","Retailer: on their website","multi","LottoChannelOther","CHECKBOX"
"Retailer: Convenience store / forecourt convenience store (e.g. Engen Quickshop, Shell Select or 7-Eleven):LottoChannelOther","LottoChannelOther","Retailer: Convenience store / forecourt convenience store (e.g. Engen Quickshop, Shell Select or 7-Eleven)","multi","LottoChannelOther","CHECKBOX"
"Mobile Network Provider: App on phone (e.g. MTN, Vodacom, Cell-C, Telkom Mobile):LottoChannelOther","LottoChannelOther","Mobile Network Provider: App on phone (e.g. MTN, Vodacom, Cell-C, Telkom Mobile)","multi","LottoChannelOther","CHECKBOX"
"Spaza Shop / Kiosk:LottoChannelOther","LottoChannelOther","Spaza Shop / Kiosk","multi","LottoChannelOther","CHECKBOX"
"LOTTO App:LottoChannelOther","LottoChannelOther","LOTTO App","multi","LottoChannelOther","CHECKBOX"
"LOTTO Website:LottoChannelOther","LottoChannelOther","LOTTO Website","multi","LottoChannelOther","CHECKBOX"
"Other (Please Specify):LottoChannelOther","LottoChannelOther","Other (Please Specify)","multi","LottoChannelOther","CHECKBOX"
"Nowhere else:LottoChannelOther","LottoChannelOther","Nowhere else","multi","LottoChannelOther","CHECKBOX"
"Bet","Bet",,"keep","Bet","RADIO"
"BetFreq1","BetFreq1",,"engine",,"RADIO"
"BetFreq2","BetFreq2",,"engine",,"RADIO"
"BetFreq3","BetFreq3",,"engine",,"RADIO"
"BetFreq4","BetFreq4",,"engine",,"RADIO"
"BetAmount","BetAmount",,"engine",,"TEXTBOX"
"BetChannelMain","BetChannelMain",,"keep","BetChannelMain","RADIO"
"Other (Please Specify):BetChannelMain","BetChannelMain","Other (Please Specify)","drop",,"RADIO"
"Bank: ATM:BetChannelOther","BetChannelOther","Bank: ATM","multi","BetChannelOther","CHECKBOX"
"Bank: on their website:BetChannelOther","BetChannelOther","Bank: on their website","multi","BetChannelOther","CHECKBOX"
"Bank: App on your mobile phone:BetChannelOther","BetChannelOther","Bank: App on your mobile phone","multi","BetChannelOther","CHECKBOX"
"Bank: Short codes / USSD (e.g. *130*567# on your phone):BetChannelOther","BetChannelOther","Bank: Short codes / USSD (e.g. *130*567# on your phone)","multi","BetChannelOther","CHECKBOX"
"Retailer: Till point (e.g. Pick n Pay or Shoprite teller) using cash:BetChannelOther","BetChannelOther","Retailer: Till point (e.g. Pick n Pay or Shoprite teller) using cash","multi","BetChannelOther","CHECKBOX"
"Retailer: Till point (e.g. Pick n Pay or Shoprite teller) using a card:BetChannelOther","BetChannelOther","Retailer: Till point (e.g. Pick n Pay or Shoprite teller) using a card","multi","BetChannelOther","CHECKBOX"
"Retailer: Money market counter:BetChannelOther","BetChannelOther","Retailer: Money market counter","multi","BetChannelOther","CHECKBOX"
"Retailer: App on your mobile phone (e.g. Takealot, Clicks App, PnP app, MrPrice app, etc.):BetChannelOther","BetChannelOther","Retailer: App on your mobile phone (e.g. Takealot, Clicks App, PnP app, MrPrice app, etc.)","multi","BetChannelOther","CHECKBOX"
"Retailer: on their website:BetChannelOther","BetChannelOther","Retailer: on their website","multi","BetChannelOther","CHECKBOX"
"Retailer: Convenience store / forecourt convenience store (e.g. Engen Quickshop, Shell Select or 7-Eleven):BetChannelOther","BetChannelOther","Retailer: Convenience store / forecourt convenience store (e.g. Engen Quickshop, Shell Select or 7-Eleven)","multi","BetChannelOther","CHECKBOX"
"Mobile Network Provider: App on phone (e.g. MTN, Vodacom, Cell-C, Telkom Mobile):BetChannelOther","BetChannelOther","Mobile Network Provider: App on phone (e.g. MTN, Vodacom, Cell-C, Telkom Mobile)","multi","BetChannelOther","CHECKBOX"
"Spaza Shop / Kiosk:BetChannelOther","BetChannelOther","Spaza Shop / Kiosk","multi","BetChannelOther","CHECKBOX"
"Betting provider website:BetChannelOther","BetChannelOther","Betting provider website","multi","BetChannelOther","CHECKBOX"
"Betting provider app:BetChannelOther","BetChannelOther","Betting provider app","multi","BetChannelOther","CHECKBOX"
"Other (Please Specify):BetChannelOther","BetChannelOther","Other (Please Specify)","multi","BetChannelOther","CHECKBOX"
"Nowhere else:BetChannelOther","BetChannelOther","Nowhere else","multi","BetChannelOther","CHECKBOX"
"Hollywoodbets:BetProviders","BetProviders","Hollywoodbets","multi","BetProviders","CHECKBOX"
"Lottostar:BetProviders","BetProviders","Lottostar","multi","BetProviders","CHECKBOX"
"Betway:BetProviders","BetProviders","Betway","multi","BetProviders","CHECKBOX"
"Supabets:BetProviders","BetProviders","Supabets","multi","BetProviders","CHECKBOX"
"OTT:BetProviders","BetProviders","OTT","multi","BetProviders","CHECKBOX"
"Blu Voucher:BetProviders","BetProviders","Blu Voucher","multi","BetProviders","CHECKBOX"
"1voucher:BetProviders","BetProviders","1voucher","multi","BetProviders","CHECKBOX"
"4All Voucher:BetProviders","BetProviders","4All Voucher","multi","BetProviders","CHECKBOX"
"Other (Please Specify):BetProviders","BetProviders","Other (Please Specify)","multi","BetProviders","CHECKBOX"
"BetProviderMain","BetProviderMain",,"keep","BetProviderMain","RADIO"
"Other (Please Specify):BetProviderMain","BetProviderMain","Other (Please Specify)","drop",,"RADIO"
"Myself:Voucher","Voucher","Myself","multi","Voucher","CHECKBOX"
"Someone else:Voucher","Voucher","Someone else","multi","Voucher","CHECKBOX"
"Have not bought any:Voucher","Voucher","Have not bought any","multi","Voucher","CHECKBOX"
"VoucherOwnFreq1","VoucherOwnFreq1",,"engine",,"RADIO"
"VoucherOwnFreq2","VoucherOwnFreq2",,"engine",,"RADIO"
"VoucherOwnFreq3","VoucherOwnFreq3",,"engine",,"RADIO"
"VoucherOwnFreq4","VoucherOwnFreq4",,"engine",,"RADIO"
"VoucherOwnAmount","VoucherOwnAmount",,"engine",,"TEXTBOX"
"VoucherOthFreq1","VoucherOthFreq1",,"engine",,"RADIO"
"VoucherOthFreq2","VoucherOthFreq2",,"engine",,"RADIO"
"VoucherOthFreq3","VoucherOthFreq3",,"engine",,"RADIO"
"VoucherOthFreq4","VoucherOthFreq4",,"engine",,"RADIO"
"VoucherOthAmount","VoucherOthAmount",,"engine",,"TEXTBOX"
"VoucherChannelMain","VoucherChannelMain",,"keep","VoucherChannelMain","RADIO"
"Other (Please Specify):VoucherChannelMain","VoucherChannelMain","Other (Please Specify)","drop",,"RADIO"
"Bank: ATM:VoucherChannelOther","VoucherChannelOther","Bank: ATM","multi","VoucherChannelOther","CHECKBOX"
"Bank: on their website:VoucherChannelOther","VoucherChannelOther","Bank: on their website","multi","VoucherChannelOther","CHECKBOX"
"Bank: App on your mobile phone:VoucherChannelOther","VoucherChannelOther","Bank: App on your mobile phone","multi","VoucherChannelOther","CHECKBOX"
"Bank: Short codes / USSD (e.g. *130*567# on your phone):VoucherChannelOther","VoucherChannelOther","Bank: Short codes / USSD (e.g. *130*567# on your phone)","multi","VoucherChannelOther","CHECKBOX"
"Retailer: Till point (e.g. Pick n Pay or Shoprite teller) using cash:VoucherChannelOther","VoucherChannelOther","Retailer: Till point (e.g. Pick n Pay or Shoprite teller) using cash","multi","VoucherChannelOther","CHECKBOX"
"Retailer: Till point (e.g. Pick n Pay or Shoprite teller) using a card:VoucherChannelOther","VoucherChannelOther","Retailer: Till point (e.g. Pick n Pay or Shoprite teller) using a card","multi","VoucherChannelOther","CHECKBOX"
"Retailer: Money market counter:VoucherChannelOther","VoucherChannelOther","Retailer: Money market counter","multi","VoucherChannelOther","CHECKBOX"
"Retailer: App on your mobile phone (e.g. Takealot, Clicks App, PnP app, MrPrice app, etc.):VoucherChannelOther","VoucherChannelOther","Retailer: App on your mobile phone (e.g. Takealot, Clicks App, PnP app, MrPrice app, etc.)","multi","VoucherChannelOther","CHECKBOX"
"Retailer: on their website:VoucherChannelOther","VoucherChannelOther","Retailer: on their website","multi","VoucherChannelOther","CHECKBOX"
"Retailer: Convenience store / forecourt convenience store (e.g. Engen Quickshop, Shell Select or 7-Eleven):VoucherChannelOther","VoucherChannelOther","Retailer: Convenience store / forecourt convenience store (e.g. Engen Quickshop, Shell Select or 7-Eleven)","multi","VoucherChannelOther","CHECKBOX"
"Mobile Network Provider: App on phone (e.g. MTN, Vodacom, Cell-C, Telkom Mobile):VoucherChannelOther","VoucherChannelOther","Mobile Network Provider: App on phone (e.g. MTN, Vodacom, Cell-C, Telkom Mobile)","multi","VoucherChannelOther","CHECKBOX"
"Spaza Shop / Kiosk:VoucherChannelOther","VoucherChannelOther","Spaza Shop / Kiosk","multi","VoucherChannelOther","CHECKBOX"
"Third party website (e.g. EasyPay, PrePaid24, egifts24, Carry1st, etc.):VoucherChannelOther","VoucherChannelOther","Third party website (e.g. EasyPay, PrePaid24, egifts24, Carry1st, etc.)","multi","VoucherChannelOther","CHECKBOX"
"Other (Please Specify):VoucherChannelOther","VoucherChannelOther","Other (Please Specify)","multi","VoucherChannelOther","CHECKBOX"
"Nowhere else:VoucherChannelOther","VoucherChannelOther","Nowhere else","multi","VoucherChannelOther","CHECKBOX"
"a single use voucher (only redeemable from one provider):VoucherType","VoucherType","a single use voucher (only redeemable from one provider)","multi","VoucherType","CHECKBOX"
"universal voucher (a voucher you can use to buy from multiple providers):VoucherType","VoucherType","universal voucher (a voucher you can use to buy from multiple providers)","multi","VoucherType","CHECKBOX"
"Myself:Flight","Flight","Myself","multi","Flight","CHECKBOX"
"Someone else:Flight","Flight","Someone else","multi","Flight","CHECKBOX"
"Have not bought any:Flight","Flight","Have not bought any","multi","Flight","CHECKBOX"
"FlightDomCount","FlightDomCount",,"engine",,"RADIO"
"12+ (Specify):FlightDomCount","FlightDomCount","12+ (Specify)","engine",,"RADIO"
"FlightDomReturn","FlightDomReturn",,"keep","FlightDomReturn","RADIO"
"FlightIntlCount","FlightIntlCount",,"engine",,"RADIO"
"12+ (Specify):FlightIntlCount","FlightIntlCount","12+ (Specify)","engine",,"RADIO"
"FlightIntlReturn","FlightIntlReturn",,"keep","FlightIntlReturn","RADIO"
"FlightChannelMain","FlightChannelMain",,"keep","FlightChannelMain","RADIO"
"Other (Please Specify):FlightChannelMain","FlightChannelMain","Other (Please Specify)","drop",,"RADIO"
"Bank: on their website:FlightChannelOther","FlightChannelOther","Bank: on their website","multi","FlightChannelOther","CHECKBOX"
"Bank: App on your mobile phone:FlightChannelOther","FlightChannelOther","Bank: App on your mobile phone","multi","FlightChannelOther","CHECKBOX"
"Retailer: Till point (e.g. Pick n Pay or Shoprite teller) using a card:FlightChannelOther","FlightChannelOther","Retailer: Till point (e.g. Pick n Pay or Shoprite teller) using a card","multi","FlightChannelOther","CHECKBOX"
"Retailer: Till point (e.g. Pick n Pay or Shoprite teller) using cash:FlightChannelOther","FlightChannelOther","Retailer: Till point (e.g. Pick n Pay or Shoprite teller) using cash","multi","FlightChannelOther","CHECKBOX"
"Retailer: Money market counter:FlightChannelOther","FlightChannelOther","Retailer: Money market counter","multi","FlightChannelOther","CHECKBOX"
"Mobile Network Provider: App on phone (e.g. MTN, Vodacom, Cell-C, Telkom Mobile):FlightChannelOther","FlightChannelOther","Mobile Network Provider: App on phone (e.g. MTN, Vodacom, Cell-C, Telkom Mobile)","multi","FlightChannelOther","CHECKBOX"
"Spaza Shop / Kiosk:FlightChannelOther","FlightChannelOther","Spaza Shop / Kiosk","multi","FlightChannelOther","CHECKBOX"
"Travel app:FlightChannelOther","FlightChannelOther","Travel app","multi","FlightChannelOther","CHECKBOX"
"Travel website:FlightChannelOther","FlightChannelOther","Travel website","multi","FlightChannelOther","CHECKBOX"
"Airline website:FlightChannelOther","FlightChannelOther","Airline website","multi","FlightChannelOther","CHECKBOX"
"Other (Please Specify):FlightChannelOther","FlightChannelOther","Other (Please Specify)","multi","FlightChannelOther","CHECKBOX"
"Nowhere else:FlightChannelOther","FlightChannelOther","Nowhere else","multi","FlightChannelOther","CHECKBOX"
"Yourself:LDBus","LDBus","Yourself","multi","LDBus","CHECKBOX"
"Someone else:LDBus","LDBus","Someone else","multi","LDBus","CHECKBOX"
"Have not bought any:LDBus","LDBus","Have not bought any","multi","LDBus","CHECKBOX"
"LDBusCount","LDBusCount",,"engine",,"RADIO"
"12+ (Specify):LDBusCount","LDBusCount","12+ (Specify)","engine",,"RADIO"
"LDBusReturn","LDBusReturn",,"keep","LDBusReturn","RADIO"
"LDBusChannelMain","LDBusChannelMain",,"keep","LDBusChannelMain","RADIO"
"Other (Please Specify):LDBusChannelMain","LDBusChannelMain","Other (Please Specify)","drop",,"RADIO"
"Bank: on their website:LDBusChannelOther","LDBusChannelOther","Bank: on their website","multi","LDBusChannelOther","CHECKBOX"
"Bank: App on your mobile phone:LDBusChannelOther","LDBusChannelOther","Bank: App on your mobile phone","multi","LDBusChannelOther","CHECKBOX"
"Retailer: Till point (e.g. Pick n Pay or Shoprite teller) using a card:LDBusChannelOther","LDBusChannelOther","Retailer: Till point (e.g. Pick n Pay or Shoprite teller) using a card","multi","LDBusChannelOther","CHECKBOX"
"Retailer: Till point (e.g. Pick n Pay or Shoprite teller) using cash:LDBusChannelOther","LDBusChannelOther","Retailer: Till point (e.g. Pick n Pay or Shoprite teller) using cash","multi","LDBusChannelOther","CHECKBOX"
"Retailer: Money market counter:LDBusChannelOther","LDBusChannelOther","Retailer: Money market counter","multi","LDBusChannelOther","CHECKBOX"
"Mobile Network Provider: App on phone (e.g. MTN, Vodacom, Cell-C, Telkom Mobile):LDBusChannelOther","LDBusChannelOther","Mobile Network Provider: App on phone (e.g. MTN, Vodacom, Cell-C, Telkom Mobile)","multi","LDBusChannelOther","CHECKBOX"
"Spaza Shop / Kiosk:LDBusChannelOther","LDBusChannelOther","Spaza Shop / Kiosk","multi","LDBusChannelOther","CHECKBOX"
"Ticketing app:LDBusChannelOther","LDBusChannelOther","Ticketing app","multi","LDBusChannelOther","CHECKBOX"
"Ticketing Website:LDBusChannelOther","LDBusChannelOther","Ticketing Website","multi","LDBusChannelOther","CHECKBOX"
"Bus booking website:LDBusChannelOther","LDBusChannelOther","Bus booking website","multi","LDBusChannelOther","CHECKBOX"
"Bus booking app:LDBusChannelOther","LDBusChannelOther","Bus booking app","multi","LDBusChannelOther","CHECKBOX"
"Other (Please Specify):LDBusChannelOther","LDBusChannelOther","Other (Please Specify)","multi","LDBusChannelOther","CHECKBOX"
"Nowhere else:LDBusChannelOther","LDBusChannelOther","Nowhere else","multi","LDBusChannelOther","CHECKBOX"
"Myself:SDBus","SDBus","Myself","multi","SDBus","CHECKBOX"
"Someone else:SDBus","SDBus","Someone else","multi","SDBus","CHECKBOX"
"Have not bought any:SDBus","SDBus","Have not bought any","multi","SDBus","CHECKBOX"
"SDBusOwnFormat","SDBusOwnFormat",,"keep","SDBusOwnFormat","RADIO"
"SDBusOwnFreq1","SDBusOwnFreq1",,"engine",,"RADIO"
"SDBusOwnFreq2","SDBusOwnFreq2",,"engine",,"RADIO"
"SDBusOwnFreq3","SDBusOwnFreq3",,"engine",,"RADIO"
"SDBusOwnFreq4","SDBusOwnFreq4",,"engine",,"RADIO"
"SDBusOwnAmount","SDBusOwnAmount",,"engine",,"TEXTBOX"
"SDBusOthBuy","SDBusOthBuy",,"keep","SDBusOthBuy","RADIO"
"SDBusOthFreq1","SDBusOthFreq1",,"engine",,"RADIO"
"SDBusOthFreq2","SDBusOthFreq2",,"engine",,"RADIO"
"SDBusOthFreq3","SDBusOthFreq3",,"engine",,"RADIO"
"SDBusOthFreq4","SDBusOthFreq4",,"engine",,"RADIO"
"SDBusOthAmount","SDBusOthAmount",,"engine",,"TEXTBOX"
"SDBusChannelMain","SDBusChannelMain",,"keep","SDBusChannelMain","RADIO"
"Other (Please Specify):SDBusChannelMain","SDBusChannelMain","Other (Please Specify)","drop",,"RADIO"
"Retail : till points using a card:SDBusChannelOther","SDBusChannelOther","Retail : till points using a card","multi","SDBusChannelOther","CHECKBOX"
"Retail: till points using cash:SDBusChannelOther","SDBusChannelOther","Retail: till points using cash","multi","SDBusChannelOther","CHECKBOX"
"Retail : Money market counters:SDBusChannelOther","SDBusChannelOther","Retail : Money market counters","multi","SDBusChannelOther","CHECKBOX"
"Retailer: Convenience store / forecourt convenience store (e.g. Engen Quickshop, Shell Select or 7-Eleven):SDBusChannelOther","SDBusChannelOther","Retailer: Convenience store / forecourt convenience store (e.g. Engen Quickshop, Shell Select or 7-Eleven)","multi","SDBusChannelOther","CHECKBOX"
"Bus station kiosks:SDBusChannelOther","SDBusChannelOther","Bus station kiosks","multi","SDBusChannelOther","CHECKBOX"
"Spaza shop / kiosks:SDBusChannelOther","SDBusChannelOther","Spaza shop / kiosks","multi","SDBusChannelOther","CHECKBOX"
"Transport apps:SDBusChannelOther","SDBusChannelOther","Transport apps","multi","SDBusChannelOther","CHECKBOX"
"Other (Please Specify):SDBusChannelOther","SDBusChannelOther","Other (Please Specify)","multi","SDBusChannelOther","CHECKBOX"
"Nowhere else:SDBusChannelOther","SDBusChannelOther","Nowhere else","multi","SDBusChannelOther","CHECKBOX"
"Myself:Event","Event","Myself","multi","Event","CHECKBOX"
"Someone else:Event","Event","Someone else","multi","Event","CHECKBOX"
"For a group:Event","Event","For a group","multi","Event","CHECKBOX"
"Have not bought any:Event","Event","Have not bought any","multi","Event","CHECKBOX"
"Sport watching:EventType","EventType","Sport watching","multi","EventType","CHECKBOX"
"Sports participation:EventType","EventType","Sports participation","multi","EventType","CHECKBOX"
"Concerts:EventType","EventType","Concerts","multi","EventType","CHECKBOX"
"Cultural:EventType","EventType","Cultural","multi","EventType","CHECKBOX"
"Theatre:EventType","EventType","Theatre","multi","EventType","CHECKBOX"
"Other (Please Specify):EventType","EventType","Other (Please Specify)","multi","EventType","CHECKBOX"
"EventSportWatchFreq1","EventSportWatchFreq1",,"engine",,"RADIO"
"EventSportWatchFreq2","EventSportWatchFreq2",,"engine",,"RADIO"
"EventSportWatchFreq3","EventSportWatchFreq3",,"engine",,"RADIO"
"EventSportWatchFreq4","EventSportWatchFreq4",,"engine",,"RADIO"
"EventSportWatchAmount","EventSportWatchAmount",,"engine",,"TEXTBOX"
"EventSportPlayFreq1","EventSportPlayFreq1",,"engine",,"RADIO"
"EventSportPlayFreq2","EventSportPlayFreq2",,"engine",,"RADIO"
"EventSportPlayFreq3","EventSportPlayFreq3",,"engine",,"RADIO"
"EventSportPlayFreq4","EventSportPlayFreq4",,"engine",,"RADIO"
"EventSportPlayAmount","EventSportPlayAmount",,"engine",,"TEXTBOX"
"EventConcertFreq1","EventConcertFreq1",,"engine",,"RADIO"
"EventConcertFreq2","EventConcertFreq2",,"engine",,"RADIO"
"EventConcertFreq3","EventConcertFreq3",,"engine",,"RADIO"
"EventConcertFreq4","EventConcertFreq4",,"engine",,"RADIO"
"EventConcertAmount","EventConcertAmount",,"engine",,"TEXTBOX"
"EventCulturalFreq1","EventCulturalFreq1",,"engine",,"RADIO"
"EventCulturalFreq2","EventCulturalFreq2",,"engine",,"RADIO"
"EventCulturalFreq3","EventCulturalFreq3",,"engine",,"RADIO"
"EventCulturalFreq4","EventCulturalFreq4",,"engine",,"RADIO"
"EventCulturalAmount","EventCulturalAmount",,"engine",,"TEXTBOX"
"EventTheatreFreq1","EventTheatreFreq1",,"engine",,"RADIO"
"EventTheatreFreq2","EventTheatreFreq2",,"engine",,"RADIO"
"EventTheatreFreq3","EventTheatreFreq3",,"engine",,"RADIO"
"EventTheatreFreq4","EventTheatreFreq4",,"engine",,"RADIO"
"EventTheatreAmount","EventTheatreAmount",,"engine",,"TEXTBOX"
"EventOtherFreq1","EventOtherFreq1",,"engine",,"RADIO"
"EventOtherFreq2","EventOtherFreq2",,"engine",,"RADIO"
"EventOtherFreq3","EventOtherFreq3",,"engine",,"RADIO"
"EventOtherFreq4","EventOtherFreq4",,"engine",,"RADIO"
"EventOtherAmount","EventOtherAmount",,"engine",,"TEXTBOX"
"EventChannelMain","EventChannelMain",,"keep","EventChannelMain","RADIO"
"Other (Please Specify):EventChannelMain","EventChannelMain","Other (Please Specify)","drop",,"RADIO"
"Bank: on their website:EventChannelOther","EventChannelOther","Bank: on their website","multi","EventChannelOther","CHECKBOX"
"Bank: App on your mobile phone:EventChannelOther","EventChannelOther","Bank: App on your mobile phone","multi","EventChannelOther","CHECKBOX"
"Retailer: Till point (e.g. Pick n Pay or Shoprite teller) using a card:EventChannelOther","EventChannelOther","Retailer: Till point (e.g. Pick n Pay or Shoprite teller) using a card","multi","EventChannelOther","CHECKBOX"
"Retailer: Till point (e.g. Pick n Pay or Shoprite teller) using cash:EventChannelOther","EventChannelOther","Retailer: Till point (e.g. Pick n Pay or Shoprite teller) using cash","multi","EventChannelOther","CHECKBOX"
"Retailer: Money market counter:EventChannelOther","EventChannelOther","Retailer: Money market counter","multi","EventChannelOther","CHECKBOX"
"Mobile Network Provider: App on phone (e.g. MTN, Vodacom, Cell-C, Telkom Mobile):EventChannelOther","EventChannelOther","Mobile Network Provider: App on phone (e.g. MTN, Vodacom, Cell-C, Telkom Mobile)","multi","EventChannelOther","CHECKBOX"
"Spaza Shop / Kiosk:EventChannelOther","EventChannelOther","Spaza Shop / Kiosk","multi","EventChannelOther","CHECKBOX"
"Ticketing app:EventChannelOther","EventChannelOther","Ticketing app","multi","EventChannelOther","CHECKBOX"
"Ticketing Website:EventChannelOther","EventChannelOther","Ticketing Website","multi","EventChannelOther","CHECKBOX"
"Other (Please Specify):EventChannelOther","EventChannelOther","Other (Please Specify)","multi","EventChannelOther","CHECKBOX"
"Nowhere else:EventChannelOther","EventChannelOther","Nowhere else","multi","EventChannelOther","CHECKBOX"
"BankMain","BankMain",,"keep","BankMain","RADIO"
"Other (Please Specify):BankMain","BankMain","Other (Please Specify)","drop",,"RADIO"
"BankVASSame","BankVASSame",,"keep","BankVASSame","RADIO"
"BankVASMain","BankVASMain",,"keep","BankVASMain","RADIO"
"Other (Please Specify):BankVASMain","BankVASMain","Other (Please Specify)","drop",,"RADIO"
"BankAppHas","BankAppHas",,"keep","BankAppHas","RADIO"
"I don't have a smartphone:BankAppWhyNot","BankAppWhyNot","I don't have a smartphone","multi","BankAppWhyNot","CHECKBOX"
"My phone is not compatible / doesn't have enough storage:BankAppWhyNot","BankAppWhyNot","My phone is not compatible / doesn't have enough storage","multi","BankAppWhyNot","CHECKBOX"
"I don't have reliable internet or mobile data:BankAppWhyNot","BankAppWhyNot","I don't have reliable internet or mobile data","multi","BankAppWhyNot","CHECKBOX"
"I prefer using internet banking on a computer:BankAppWhyNot","BankAppWhyNot","I prefer using internet banking on a computer","multi","BankAppWhyNot","CHECKBOX"
"I prefer visiting a branch or ATM:BankAppWhyNot","BankAppWhyNot","I prefer visiting a branch or ATM","multi","BankAppWhyNot","CHECKBOX"
"I don't trust mobile banking apps:BankAppWhyNot","BankAppWhyNot","I don't trust mobile banking apps","multi","BankAppWhyNot","CHECKBOX"
"I have security or privacy concerns:BankAppWhyNot","BankAppWhyNot","I have security or privacy concerns","multi","BankAppWhyNot","CHECKBOX"
"I don't know how to use the app:BankAppWhyNot","BankAppWhyNot","I don't know how to use the app","multi","BankAppWhyNot","CHECKBOX"
"I don't think I need it:BankAppWhyNot","BankAppWhyNot","I don't think I need it","multi","BankAppWhyNot","CHECKBOX"
"I didn't know my bank has an app:BankAppWhyNot","BankAppWhyNot","I didn't know my bank has an app","multi","BankAppWhyNot","CHECKBOX"
"I have tried it before but stopped using it:BankAppWhyNot","BankAppWhyNot","I have tried it before but stopped using it","multi","BankAppWhyNot","CHECKBOX"
"Someone else manages my banking for me:BankAppWhyNot","BankAppWhyNot","Someone else manages my banking for me","multi","BankAppWhyNot","CHECKBOX"
"Other (Please Specify):BankAppWhyNot","BankAppWhyNot","Other (Please Specify)","multi","BankAppWhyNot","CHECKBOX"
"RetailerMain","RetailerMain",,"keep","RetailerMain","RADIO"
"Other (Please Specify):RetailerMain","RetailerMain","Other (Please Specify)","drop",,"RADIO"
"Shoprite:RetailerOther","RetailerOther","Shoprite","multi","RetailerOther","CHECKBOX"
"Checkers:RetailerOther","RetailerOther","Checkers","multi","RetailerOther","CHECKBOX"
"Usave:RetailerOther","RetailerOther","Usave","multi","RetailerOther","CHECKBOX"
"Pick n Pay:RetailerOther","RetailerOther","Pick n Pay","multi","RetailerOther","CHECKBOX"
"Boxer:RetailerOther","RetailerOther","Boxer","multi","RetailerOther","CHECKBOX"
"Spar:RetailerOther","RetailerOther","Spar","multi","RetailerOther","CHECKBOX"
"Pep:RetailerOther","RetailerOther","Pep","multi","RetailerOther","CHECKBOX"
"Ackermans:RetailerOther","RetailerOther","Ackermans","multi","RetailerOther","CHECKBOX"
"No other retailers:RetailerOther","RetailerOther","No other retailers","multi","RetailerOther","CHECKBOX"
"Other (Please Specify):RetailerOther","RetailerOther","Other (Please Specify)","multi","RetailerOther","CHECKBOX"
"RetailerAppHas","RetailerAppHas",,"keep","RetailerAppHas","RADIO"
"RetailerAppWhyNot","RetailerAppWhyNot",,"keep","RetailerAppWhyNot","TEXTBOX"
"MNOAppHas","MNOAppHas",,"keep","MNOAppHas","RADIO"
"MNOAppWhyNot","MNOAppWhyNot",,"keep","MNOAppWhyNot","TEXTBOX"
"WhatsAppUse","WhatsAppUse",,"keep","WhatsAppUse","RADIO"
"Airtime:Advance","Advance","Airtime","multi","Advance","CHECKBOX"
"Prepaid electricity:Advance","Advance","Prepaid electricity","multi","Advance","CHECKBOX"
"Digital vouchers:Advance","Advance","Digital vouchers","multi","Advance","CHECKBOX"
"Bill payments:Advance","Advance","Bill payments","multi","Advance","CHECKBOX"
"Other (Please Specify):Advance","Advance","Other (Please Specify)","multi","Advance","CHECKBOX"
"None of these:Advance","Advance","None of these","multi","Advance","CHECKBOX"
"AdvanceConsider","AdvanceConsider",,"keep","AdvanceConsider","RADIO"
"Bank: ATM:AttrFreeLowCost","AttrFreeLowCost","Bank: ATM","multi","AttrFreeLowCost","CHECKBOX"
"Bank: on their website:AttrFreeLowCost","AttrFreeLowCost","Bank: on their website","multi","AttrFreeLowCost","CHECKBOX"
"Bank: App on your mobile phone:AttrFreeLowCost","AttrFreeLowCost","Bank: App on your mobile phone","multi","AttrFreeLowCost","CHECKBOX"
"Bank: Short codes / USSD (e.g. *130*567# on your phone):AttrFreeLowCost","AttrFreeLowCost","Bank: Short codes / USSD (e.g. *130*567# on your phone)","multi","AttrFreeLowCost","CHECKBOX"
"Retailer: Till point (e.g. Pick n Pay or Shoprite teller) using cash:AttrFreeLowCost","AttrFreeLowCost","Retailer: Till point (e.g. Pick n Pay or Shoprite teller) using cash","multi","AttrFreeLowCost","CHECKBOX"
"Retailer: Till point (e.g. Pick n Pay or Shoprite teller) using a card:AttrFreeLowCost","AttrFreeLowCost","Retailer: Till point (e.g. Pick n Pay or Shoprite teller) using a card","multi","AttrFreeLowCost","CHECKBOX"
"Retailer: Money market counter:AttrFreeLowCost","AttrFreeLowCost","Retailer: Money market counter","multi","AttrFreeLowCost","CHECKBOX"
"Retailer: App on your mobile phone (e.g. Takealot, Clicks App, PnP app, MrPrice app, etc.):AttrFreeLowCost","AttrFreeLowCost","Retailer: App on your mobile phone (e.g. Takealot, Clicks App, PnP app, MrPrice app, etc.)","multi","AttrFreeLowCost","CHECKBOX"
"Retailer: on their website:AttrFreeLowCost","AttrFreeLowCost","Retailer: on their website","multi","AttrFreeLowCost","CHECKBOX"
"Retailer: Convenience store / forecourt convenience store (e.g. Engen Quickshop, Shell Select or 7-Eleven):AttrFreeLowCost","AttrFreeLowCost","Retailer: Convenience store / forecourt convenience store (e.g. Engen Quickshop, Shell Select or 7-Eleven)","multi","AttrFreeLowCost","CHECKBOX"
"Mobile Network Provider: App on phone (e.g. MTN, Vodacom, Cell-C, Telkom Mobile):AttrFreeLowCost","AttrFreeLowCost","Mobile Network Provider: App on phone (e.g. MTN, Vodacom, Cell-C, Telkom Mobile)","multi","AttrFreeLowCost","CHECKBOX"
"Spaza Shop / Kiosk:AttrFreeLowCost","AttrFreeLowCost","Spaza Shop / Kiosk","multi","AttrFreeLowCost","CHECKBOX"
"Specialist service app or website (e.g. betting, flights or ticketing):AttrFreeLowCost","AttrFreeLowCost","Specialist service app or website (e.g. betting, flights or ticketing)","multi","AttrFreeLowCost","CHECKBOX"
"None of these:AttrFreeLowCost","AttrFreeLowCost","None of these","multi","AttrFreeLowCost","CHECKBOX"
"Bank: ATM:AttrConvenient","AttrConvenient","Bank: ATM","multi","AttrConvenient","CHECKBOX"
"Bank: on their website:AttrConvenient","AttrConvenient","Bank: on their website","multi","AttrConvenient","CHECKBOX"
"Bank: App on your mobile phone:AttrConvenient","AttrConvenient","Bank: App on your mobile phone","multi","AttrConvenient","CHECKBOX"
"Bank: Short codes / USSD (e.g. *130*567# on your phone):AttrConvenient","AttrConvenient","Bank: Short codes / USSD (e.g. *130*567# on your phone)","multi","AttrConvenient","CHECKBOX"
"Retailer: Till point (e.g. Pick n Pay or Shoprite teller) using cash:AttrConvenient","AttrConvenient","Retailer: Till point (e.g. Pick n Pay or Shoprite teller) using cash","multi","AttrConvenient","CHECKBOX"
"Retailer: Till point (e.g. Pick n Pay or Shoprite teller) using a card:AttrConvenient","AttrConvenient","Retailer: Till point (e.g. Pick n Pay or Shoprite teller) using a card","multi","AttrConvenient","CHECKBOX"
"Retailer: Money market counter:AttrConvenient","AttrConvenient","Retailer: Money market counter","multi","AttrConvenient","CHECKBOX"
"Retailer: App on your mobile phone (e.g. Takealot, Clicks App, PnP app, MrPrice app, etc.):AttrConvenient","AttrConvenient","Retailer: App on your mobile phone (e.g. Takealot, Clicks App, PnP app, MrPrice app, etc.)","multi","AttrConvenient","CHECKBOX"
"Retailer: on their website:AttrConvenient","AttrConvenient","Retailer: on their website","multi","AttrConvenient","CHECKBOX"
"Retailer: Convenience store / forecourt convenience store (e.g. Engen Quickshop, Shell Select or 7-Eleven):AttrConvenient","AttrConvenient","Retailer: Convenience store / forecourt convenience store (e.g. Engen Quickshop, Shell Select or 7-Eleven)","multi","AttrConvenient","CHECKBOX"
"Mobile Network Provider: App on phone (e.g. MTN, Vodacom, Cell-C, Telkom Mobile):AttrConvenient","AttrConvenient","Mobile Network Provider: App on phone (e.g. MTN, Vodacom, Cell-C, Telkom Mobile)","multi","AttrConvenient","CHECKBOX"
"Spaza Shop / Kiosk:AttrConvenient","AttrConvenient","Spaza Shop / Kiosk","multi","AttrConvenient","CHECKBOX"
"Specialist service app or website (e.g. betting, flights or ticketing):AttrConvenient","AttrConvenient","Specialist service app or website (e.g. betting, flights or ticketing)","multi","AttrConvenient","CHECKBOX"
"None of these:AttrConvenient","AttrConvenient","None of these","multi","AttrConvenient","CHECKBOX"
"Bank: ATM:AttrEasyToUse","AttrEasyToUse","Bank: ATM","multi","AttrEasyToUse","CHECKBOX"
"Bank: on their website:AttrEasyToUse","AttrEasyToUse","Bank: on their website","multi","AttrEasyToUse","CHECKBOX"
"Bank: App on your mobile phone:AttrEasyToUse","AttrEasyToUse","Bank: App on your mobile phone","multi","AttrEasyToUse","CHECKBOX"
"Bank: Short codes / USSD (e.g. *130*567# on your phone):AttrEasyToUse","AttrEasyToUse","Bank: Short codes / USSD (e.g. *130*567# on your phone)","multi","AttrEasyToUse","CHECKBOX"
"Retailer: Till point (e.g. Pick n Pay or Shoprite teller) using cash:AttrEasyToUse","AttrEasyToUse","Retailer: Till point (e.g. Pick n Pay or Shoprite teller) using cash","multi","AttrEasyToUse","CHECKBOX"
"Retailer: Till point (e.g. Pick n Pay or Shoprite teller) using a card:AttrEasyToUse","AttrEasyToUse","Retailer: Till point (e.g. Pick n Pay or Shoprite teller) using a card","multi","AttrEasyToUse","CHECKBOX"
"Retailer: Money market counter:AttrEasyToUse","AttrEasyToUse","Retailer: Money market counter","multi","AttrEasyToUse","CHECKBOX"
"Retailer: App on your mobile phone (e.g. Takealot, Clicks App, PnP app, MrPrice app, etc.):AttrEasyToUse","AttrEasyToUse","Retailer: App on your mobile phone (e.g. Takealot, Clicks App, PnP app, MrPrice app, etc.)","multi","AttrEasyToUse","CHECKBOX"
"Retailer: on their website:AttrEasyToUse","AttrEasyToUse","Retailer: on their website","multi","AttrEasyToUse","CHECKBOX"
"Retailer: Convenience store / forecourt convenience store (e.g. Engen Quickshop, Shell Select or 7-Eleven):AttrEasyToUse","AttrEasyToUse","Retailer: Convenience store / forecourt convenience store (e.g. Engen Quickshop, Shell Select or 7-Eleven)","multi","AttrEasyToUse","CHECKBOX"
"Mobile Network Provider: App on phone (e.g. MTN, Vodacom, Cell-C, Telkom Mobile):AttrEasyToUse","AttrEasyToUse","Mobile Network Provider: App on phone (e.g. MTN, Vodacom, Cell-C, Telkom Mobile)","multi","AttrEasyToUse","CHECKBOX"
"Spaza Shop / Kiosk:AttrEasyToUse","AttrEasyToUse","Spaza Shop / Kiosk","multi","AttrEasyToUse","CHECKBOX"
"Specialist service app or website (e.g. betting, flights or ticketing):AttrEasyToUse","AttrEasyToUse","Specialist service app or website (e.g. betting, flights or ticketing)","multi","AttrEasyToUse","CHECKBOX"
"None of these:AttrEasyToUse","AttrEasyToUse","None of these","multi","AttrEasyToUse","CHECKBOX"
"Bank: ATM:AttrSafe","AttrSafe","Bank: ATM","multi","AttrSafe","CHECKBOX"
"Bank: on their website:AttrSafe","AttrSafe","Bank: on their website","multi","AttrSafe","CHECKBOX"
"Bank: App on your mobile phone:AttrSafe","AttrSafe","Bank: App on your mobile phone","multi","AttrSafe","CHECKBOX"
"Bank: Short codes / USSD (e.g. *130*567# on your phone):AttrSafe","AttrSafe","Bank: Short codes / USSD (e.g. *130*567# on your phone)","multi","AttrSafe","CHECKBOX"
"Retailer: Till point (e.g. Pick n Pay or Shoprite teller) using cash:AttrSafe","AttrSafe","Retailer: Till point (e.g. Pick n Pay or Shoprite teller) using cash","multi","AttrSafe","CHECKBOX"
"Retailer: Till point (e.g. Pick n Pay or Shoprite teller) using a card:AttrSafe","AttrSafe","Retailer: Till point (e.g. Pick n Pay or Shoprite teller) using a card","multi","AttrSafe","CHECKBOX"
"Retailer: Money market counter:AttrSafe","AttrSafe","Retailer: Money market counter","multi","AttrSafe","CHECKBOX"
"Retailer: App on your mobile phone (e.g. Takealot, Clicks App, PnP app, MrPrice app, etc.):AttrSafe","AttrSafe","Retailer: App on your mobile phone (e.g. Takealot, Clicks App, PnP app, MrPrice app, etc.)","multi","AttrSafe","CHECKBOX"
"Retailer: on their website:AttrSafe","AttrSafe","Retailer: on their website","multi","AttrSafe","CHECKBOX"
"Retailer: Convenience store / forecourt convenience store (e.g. Engen Quickshop, Shell Select or 7-Eleven):AttrSafe","AttrSafe","Retailer: Convenience store / forecourt convenience store (e.g. Engen Quickshop, Shell Select or 7-Eleven)","multi","AttrSafe","CHECKBOX"
"Mobile Network Provider: App on phone (e.g. MTN, Vodacom, Cell-C, Telkom Mobile):AttrSafe","AttrSafe","Mobile Network Provider: App on phone (e.g. MTN, Vodacom, Cell-C, Telkom Mobile)","multi","AttrSafe","CHECKBOX"
"Spaza Shop / Kiosk:AttrSafe","AttrSafe","Spaza Shop / Kiosk","multi","AttrSafe","CHECKBOX"
"Specialist service app or website (e.g. betting, flights or ticketing):AttrSafe","AttrSafe","Specialist service app or website (e.g. betting, flights or ticketing)","multi","AttrSafe","CHECKBOX"
"None of these:AttrSafe","AttrSafe","None of these","multi","AttrSafe","CHECKBOX"
"Bank: ATM:AttrConfirms","AttrConfirms","Bank: ATM","multi","AttrConfirms","CHECKBOX"
"Bank: on their website:AttrConfirms","AttrConfirms","Bank: on their website","multi","AttrConfirms","CHECKBOX"
"Bank: App on your mobile phone:AttrConfirms","AttrConfirms","Bank: App on your mobile phone","multi","AttrConfirms","CHECKBOX"
"Bank: Short codes / USSD (e.g. *130*567# on your phone):AttrConfirms","AttrConfirms","Bank: Short codes / USSD (e.g. *130*567# on your phone)","multi","AttrConfirms","CHECKBOX"
"Retailer: Till point (e.g. Pick n Pay or Shoprite teller) using cash:AttrConfirms","AttrConfirms","Retailer: Till point (e.g. Pick n Pay or Shoprite teller) using cash","multi","AttrConfirms","CHECKBOX"
"Retailer: Till point (e.g. Pick n Pay or Shoprite teller) using a card:AttrConfirms","AttrConfirms","Retailer: Till point (e.g. Pick n Pay or Shoprite teller) using a card","multi","AttrConfirms","CHECKBOX"
"Retailer: Money market counter:AttrConfirms","AttrConfirms","Retailer: Money market counter","multi","AttrConfirms","CHECKBOX"
"Retailer: App on your mobile phone (e.g. Takealot, Clicks App, PnP app, MrPrice app, etc.):AttrConfirms","AttrConfirms","Retailer: App on your mobile phone (e.g. Takealot, Clicks App, PnP app, MrPrice app, etc.)","multi","AttrConfirms","CHECKBOX"
"Retailer: on their website:AttrConfirms","AttrConfirms","Retailer: on their website","multi","AttrConfirms","CHECKBOX"
"Retailer: Convenience store / forecourt convenience store (e.g. Engen Quickshop, Shell Select or 7-Eleven):AttrConfirms","AttrConfirms","Retailer: Convenience store / forecourt convenience store (e.g. Engen Quickshop, Shell Select or 7-Eleven)","multi","AttrConfirms","CHECKBOX"
"Mobile Network Provider: App on phone (e.g. MTN, Vodacom, Cell-C, Telkom Mobile):AttrConfirms","AttrConfirms","Mobile Network Provider: App on phone (e.g. MTN, Vodacom, Cell-C, Telkom Mobile)","multi","AttrConfirms","CHECKBOX"
"Spaza Shop / Kiosk:AttrConfirms","AttrConfirms","Spaza Shop / Kiosk","multi","AttrConfirms","CHECKBOX"
"Specialist service app or website (e.g. betting, flights or ticketing):AttrConfirms","AttrConfirms","Specialist service app or website (e.g. betting, flights or ticketing)","multi","AttrConfirms","CHECKBOX"
"None of these:AttrConfirms","AttrConfirms","None of these","multi","AttrConfirms","CHECKBOX"
"Bank: ATM:AttrTransparent","AttrTransparent","Bank: ATM","multi","AttrTransparent","CHECKBOX"
"Bank: on their website:AttrTransparent","AttrTransparent","Bank: on their website","multi","AttrTransparent","CHECKBOX"
"Bank: App on your mobile phone:AttrTransparent","AttrTransparent","Bank: App on your mobile phone","multi","AttrTransparent","CHECKBOX"
"Bank: Short codes / USSD (e.g. *130*567# on your phone):AttrTransparent","AttrTransparent","Bank: Short codes / USSD (e.g. *130*567# on your phone)","multi","AttrTransparent","CHECKBOX"
"Retailer: Till point (e.g. Pick n Pay or Shoprite teller) using cash:AttrTransparent","AttrTransparent","Retailer: Till point (e.g. Pick n Pay or Shoprite teller) using cash","multi","AttrTransparent","CHECKBOX"
"Retailer: Till point (e.g. Pick n Pay or Shoprite teller) using a card:AttrTransparent","AttrTransparent","Retailer: Till point (e.g. Pick n Pay or Shoprite teller) using a card","multi","AttrTransparent","CHECKBOX"
"Retailer: Money market counter:AttrTransparent","AttrTransparent","Retailer: Money market counter","multi","AttrTransparent","CHECKBOX"
"Retailer: App on your mobile phone (e.g. Takealot, Clicks App, PnP app, MrPrice app, etc.):AttrTransparent","AttrTransparent","Retailer: App on your mobile phone (e.g. Takealot, Clicks App, PnP app, MrPrice app, etc.)","multi","AttrTransparent","CHECKBOX"
"Retailer: on their website:AttrTransparent","AttrTransparent","Retailer: on their website","multi","AttrTransparent","CHECKBOX"
"Retailer: Convenience store / forecourt convenience store (e.g. Engen Quickshop, Shell Select or 7-Eleven):AttrTransparent","AttrTransparent","Retailer: Convenience store / forecourt convenience store (e.g. Engen Quickshop, Shell Select or 7-Eleven)","multi","AttrTransparent","CHECKBOX"
"Mobile Network Provider: App on phone (e.g. MTN, Vodacom, Cell-C, Telkom Mobile):AttrTransparent","AttrTransparent","Mobile Network Provider: App on phone (e.g. MTN, Vodacom, Cell-C, Telkom Mobile)","multi","AttrTransparent","CHECKBOX"
"Spaza Shop / Kiosk:AttrTransparent","AttrTransparent","Spaza Shop / Kiosk","multi","AttrTransparent","CHECKBOX"
"Specialist service app or website (e.g. betting, flights or ticketing):AttrTransparent","AttrTransparent","Specialist service app or website (e.g. betting, flights or ticketing)","multi","AttrTransparent","CHECKBOX"
"None of these:AttrTransparent","AttrTransparent","None of these","multi","AttrTransparent","CHECKBOX"
"Bank: ATM:AttrNoBankAcct","AttrNoBankAcct","Bank: ATM","multi","AttrNoBankAcct","CHECKBOX"
"Bank: on their website:AttrNoBankAcct","AttrNoBankAcct","Bank: on their website","multi","AttrNoBankAcct","CHECKBOX"
"Bank: App on your mobile phone:AttrNoBankAcct","AttrNoBankAcct","Bank: App on your mobile phone","multi","AttrNoBankAcct","CHECKBOX"
"Bank: Short codes / USSD (e.g. *130*567# on your phone):AttrNoBankAcct","AttrNoBankAcct","Bank: Short codes / USSD (e.g. *130*567# on your phone)","multi","AttrNoBankAcct","CHECKBOX"
"Retailer: Till point (e.g. Pick n Pay or Shoprite teller) using cash:AttrNoBankAcct","AttrNoBankAcct","Retailer: Till point (e.g. Pick n Pay or Shoprite teller) using cash","multi","AttrNoBankAcct","CHECKBOX"
"Retailer: Till point (e.g. Pick n Pay or Shoprite teller) using a card:AttrNoBankAcct","AttrNoBankAcct","Retailer: Till point (e.g. Pick n Pay or Shoprite teller) using a card","multi","AttrNoBankAcct","CHECKBOX"
"Retailer: Money market counter:AttrNoBankAcct","AttrNoBankAcct","Retailer: Money market counter","multi","AttrNoBankAcct","CHECKBOX"
"Retailer: App on your mobile phone (e.g. Takealot, Clicks App, PnP app, MrPrice app, etc.):AttrNoBankAcct","AttrNoBankAcct","Retailer: App on your mobile phone (e.g. Takealot, Clicks App, PnP app, MrPrice app, etc.)","multi","AttrNoBankAcct","CHECKBOX"
"Retailer: on their website:AttrNoBankAcct","AttrNoBankAcct","Retailer: on their website","multi","AttrNoBankAcct","CHECKBOX"
"Retailer: Convenience store / forecourt convenience store (e.g. Engen Quickshop, Shell Select or 7-Eleven):AttrNoBankAcct","AttrNoBankAcct","Retailer: Convenience store / forecourt convenience store (e.g. Engen Quickshop, Shell Select or 7-Eleven)","multi","AttrNoBankAcct","CHECKBOX"
"Mobile Network Provider: App on phone (e.g. MTN, Vodacom, Cell-C, Telkom Mobile):AttrNoBankAcct","AttrNoBankAcct","Mobile Network Provider: App on phone (e.g. MTN, Vodacom, Cell-C, Telkom Mobile)","multi","AttrNoBankAcct","CHECKBOX"
"Spaza Shop / Kiosk:AttrNoBankAcct","AttrNoBankAcct","Spaza Shop / Kiosk","multi","AttrNoBankAcct","CHECKBOX"
"Specialist service app or website (e.g. betting, flights or ticketing):AttrNoBankAcct","AttrNoBankAcct","Specialist service app or website (e.g. betting, flights or ticketing)","multi","AttrNoBankAcct","CHECKBOX"
"None of these:AttrNoBankAcct","AttrNoBankAcct","None of these","multi","AttrNoBankAcct","CHECKBOX"
"Bank: ATM:AttrNoAirtime","AttrNoAirtime","Bank: ATM","multi","AttrNoAirtime","CHECKBOX"
"Bank: on their website:AttrNoAirtime","AttrNoAirtime","Bank: on their website","multi","AttrNoAirtime","CHECKBOX"
"Bank: App on your mobile phone:AttrNoAirtime","AttrNoAirtime","Bank: App on your mobile phone","multi","AttrNoAirtime","CHECKBOX"
"Bank: Short codes / USSD (e.g. *130*567# on your phone):AttrNoAirtime","AttrNoAirtime","Bank: Short codes / USSD (e.g. *130*567# on your phone)","multi","AttrNoAirtime","CHECKBOX"
"Retailer: Till point (e.g. Pick n Pay or Shoprite teller) using cash:AttrNoAirtime","AttrNoAirtime","Retailer: Till point (e.g. Pick n Pay or Shoprite teller) using cash","multi","AttrNoAirtime","CHECKBOX"
"Retailer: Till point (e.g. Pick n Pay or Shoprite teller) using a card:AttrNoAirtime","AttrNoAirtime","Retailer: Till point (e.g. Pick n Pay or Shoprite teller) using a card","multi","AttrNoAirtime","CHECKBOX"
"Retailer: Money market counter:AttrNoAirtime","AttrNoAirtime","Retailer: Money market counter","multi","AttrNoAirtime","CHECKBOX"
"Retailer: App on your mobile phone (e.g. Takealot, Clicks App, PnP app, MrPrice app, etc.):AttrNoAirtime","AttrNoAirtime","Retailer: App on your mobile phone (e.g. Takealot, Clicks App, PnP app, MrPrice app, etc.)","multi","AttrNoAirtime","CHECKBOX"
"Retailer: on their website:AttrNoAirtime","AttrNoAirtime","Retailer: on their website","multi","AttrNoAirtime","CHECKBOX"
"Retailer: Convenience store / forecourt convenience store (e.g. Engen Quickshop, Shell Select or 7-Eleven):AttrNoAirtime","AttrNoAirtime","Retailer: Convenience store / forecourt convenience store (e.g. Engen Quickshop, Shell Select or 7-Eleven)","multi","AttrNoAirtime","CHECKBOX"
"Mobile Network Provider: App on phone (e.g. MTN, Vodacom, Cell-C, Telkom Mobile):AttrNoAirtime","AttrNoAirtime","Mobile Network Provider: App on phone (e.g. MTN, Vodacom, Cell-C, Telkom Mobile)","multi","AttrNoAirtime","CHECKBOX"
"Spaza Shop / Kiosk:AttrNoAirtime","AttrNoAirtime","Spaza Shop / Kiosk","multi","AttrNoAirtime","CHECKBOX"
"Specialist service app or website (e.g. betting, flights or ticketing):AttrNoAirtime","AttrNoAirtime","Specialist service app or website (e.g. betting, flights or ticketing)","multi","AttrNoAirtime","CHECKBOX"
"None of these:AttrNoAirtime","AttrNoAirtime","None of these","multi","AttrNoAirtime","CHECKBOX"
"Bank: ATM:AttrAvailable","AttrAvailable","Bank: ATM","multi","AttrAvailable","CHECKBOX"
"Bank: on their website:AttrAvailable","AttrAvailable","Bank: on their website","multi","AttrAvailable","CHECKBOX"
"Bank: App on your mobile phone:AttrAvailable","AttrAvailable","Bank: App on your mobile phone","multi","AttrAvailable","CHECKBOX"
"Bank: Short codes / USSD (e.g. *130*567# on your phone):AttrAvailable","AttrAvailable","Bank: Short codes / USSD (e.g. *130*567# on your phone)","multi","AttrAvailable","CHECKBOX"
"Retailer: Till point (e.g. Pick n Pay or Shoprite teller) using cash:AttrAvailable","AttrAvailable","Retailer: Till point (e.g. Pick n Pay or Shoprite teller) using cash","multi","AttrAvailable","CHECKBOX"
"Retailer: Till point (e.g. Pick n Pay or Shoprite teller) using a card:AttrAvailable","AttrAvailable","Retailer: Till point (e.g. Pick n Pay or Shoprite teller) using a card","multi","AttrAvailable","CHECKBOX"
"Retailer: Money market counter:AttrAvailable","AttrAvailable","Retailer: Money market counter","multi","AttrAvailable","CHECKBOX"
"Retailer: App on your mobile phone (e.g. Takealot, Clicks App, PnP app, MrPrice app, etc.):AttrAvailable","AttrAvailable","Retailer: App on your mobile phone (e.g. Takealot, Clicks App, PnP app, MrPrice app, etc.)","multi","AttrAvailable","CHECKBOX"
"Retailer: on their website:AttrAvailable","AttrAvailable","Retailer: on their website","multi","AttrAvailable","CHECKBOX"
"Retailer: Convenience store / forecourt convenience store (e.g. Engen Quickshop, Shell Select or 7-Eleven):AttrAvailable","AttrAvailable","Retailer: Convenience store / forecourt convenience store (e.g. Engen Quickshop, Shell Select or 7-Eleven)","multi","AttrAvailable","CHECKBOX"
"Mobile Network Provider: App on phone (e.g. MTN, Vodacom, Cell-C, Telkom Mobile):AttrAvailable","AttrAvailable","Mobile Network Provider: App on phone (e.g. MTN, Vodacom, Cell-C, Telkom Mobile)","multi","AttrAvailable","CHECKBOX"
"Spaza Shop / Kiosk:AttrAvailable","AttrAvailable","Spaza Shop / Kiosk","multi","AttrAvailable","CHECKBOX"
"None of these:AttrAvailable","AttrAvailable","None of these","multi","AttrAvailable","CHECKBOX"
"Bank: ATM:AttrFast","AttrFast","Bank: ATM","multi","AttrFast","CHECKBOX"
"Bank: on their website:AttrFast","AttrFast","Bank: on their website","multi","AttrFast","CHECKBOX"
"Bank: App on your mobile phone:AttrFast","AttrFast","Bank: App on your mobile phone","multi","AttrFast","CHECKBOX"
"Bank: Short codes / USSD (e.g. *130*567# on your phone):AttrFast","AttrFast","Bank: Short codes / USSD (e.g. *130*567# on your phone)","multi","AttrFast","CHECKBOX"
"Retailer: Till point (e.g. Pick n Pay or Shoprite teller) using cash:AttrFast","AttrFast","Retailer: Till point (e.g. Pick n Pay or Shoprite teller) using cash","multi","AttrFast","CHECKBOX"
"Retailer: Till point (e.g. Pick n Pay or Shoprite teller) using a card:AttrFast","AttrFast","Retailer: Till point (e.g. Pick n Pay or Shoprite teller) using a card","multi","AttrFast","CHECKBOX"
"Retailer: Money market counter:AttrFast","AttrFast","Retailer: Money market counter","multi","AttrFast","CHECKBOX"
"Retailer: App on your mobile phone (e.g. Takealot, Clicks App, PnP app, MrPrice app, etc.):AttrFast","AttrFast","Retailer: App on your mobile phone (e.g. Takealot, Clicks App, PnP app, MrPrice app, etc.)","multi","AttrFast","CHECKBOX"
"Retailer: on their website:AttrFast","AttrFast","Retailer: on their website","multi","AttrFast","CHECKBOX"
"Retailer: Convenience store / forecourt convenience store (e.g. Engen Quickshop, Shell Select or 7-Eleven):AttrFast","AttrFast","Retailer: Convenience store / forecourt convenience store (e.g. Engen Quickshop, Shell Select or 7-Eleven)","multi","AttrFast","CHECKBOX"
"Mobile Network Provider: App on phone (e.g. MTN, Vodacom, Cell-C, Telkom Mobile):AttrFast","AttrFast","Mobile Network Provider: App on phone (e.g. MTN, Vodacom, Cell-C, Telkom Mobile)","multi","AttrFast","CHECKBOX"
"Spaza Shop / Kiosk:AttrFast","AttrFast","Spaza Shop / Kiosk","multi","AttrFast","CHECKBOX"
"Specialist service app or website (e.g. betting, flights or ticketing):AttrFast","AttrFast","Specialist service app or website (e.g. betting, flights or ticketing)","multi","AttrFast","CHECKBOX"
"None of these:AttrFast","AttrFast","None of these","multi","AttrFast","CHECKBOX"
"Bank: ATM:AttrCash","AttrCash","Bank: ATM","multi","AttrCash","CHECKBOX"
"Bank: on their website:AttrCash","AttrCash","Bank: on their website","multi","AttrCash","CHECKBOX"
"Bank: App on your mobile phone:AttrCash","AttrCash","Bank: App on your mobile phone","multi","AttrCash","CHECKBOX"
"Bank: Short codes / USSD (e.g. *130*567# on your phone):AttrCash","AttrCash","Bank: Short codes / USSD (e.g. *130*567# on your phone)","multi","AttrCash","CHECKBOX"
"Retailer: Till point (e.g. Pick n Pay or Shoprite teller) using cash:AttrCash","AttrCash","Retailer: Till point (e.g. Pick n Pay or Shoprite teller) using cash","multi","AttrCash","CHECKBOX"
"Retailer: Till point (e.g. Pick n Pay or Shoprite teller) using a card:AttrCash","AttrCash","Retailer: Till point (e.g. Pick n Pay or Shoprite teller) using a card","multi","AttrCash","CHECKBOX"
"Retailer: Money market counter:AttrCash","AttrCash","Retailer: Money market counter","multi","AttrCash","CHECKBOX"
"Retailer: App on your mobile phone (e.g. Takealot, Clicks App, PnP app, MrPrice app, etc.):AttrCash","AttrCash","Retailer: App on your mobile phone (e.g. Takealot, Clicks App, PnP app, MrPrice app, etc.)","multi","AttrCash","CHECKBOX"
"Retailer: on their website:AttrCash","AttrCash","Retailer: on their website","multi","AttrCash","CHECKBOX"
"Retailer: Convenience store / forecourt convenience store (e.g. Engen Quickshop, Shell Select or 7-Eleven):AttrCash","AttrCash","Retailer: Convenience store / forecourt convenience store (e.g. Engen Quickshop, Shell Select or 7-Eleven)","multi","AttrCash","CHECKBOX"
"Mobile Network Provider: App on phone (e.g. MTN, Vodacom, Cell-C, Telkom Mobile):AttrCash","AttrCash","Mobile Network Provider: App on phone (e.g. MTN, Vodacom, Cell-C, Telkom Mobile)","multi","AttrCash","CHECKBOX"
"Spaza Shop / Kiosk:AttrCash","AttrCash","Spaza Shop / Kiosk","multi","AttrCash","CHECKBOX"
"Specialist service app or website (e.g. betting, flights or ticketing):AttrCash","AttrCash","Specialist service app or website (e.g. betting, flights or ticketing)","multi","AttrCash","CHECKBOX"
"None of these:AttrCash","AttrCash","None of these","multi","AttrCash","CHECKBOX"
"Bank: ATM:AttrHelp","AttrHelp","Bank: ATM","multi","AttrHelp","CHECKBOX"
"Bank: on their website:AttrHelp","AttrHelp","Bank: on their website","multi","AttrHelp","CHECKBOX"
"Bank: App on your mobile phone:AttrHelp","AttrHelp","Bank: App on your mobile phone","multi","AttrHelp","CHECKBOX"
"Bank: Short codes / USSD (e.g. *130*567# on your phone):AttrHelp","AttrHelp","Bank: Short codes / USSD (e.g. *130*567# on your phone)","multi","AttrHelp","CHECKBOX"
"Retailer: Till point (e.g. Pick n Pay or Shoprite teller) using cash:AttrHelp","AttrHelp","Retailer: Till point (e.g. Pick n Pay or Shoprite teller) using cash","multi","AttrHelp","CHECKBOX"
"Retailer: Till point (e.g. Pick n Pay or Shoprite teller) using a card:AttrHelp","AttrHelp","Retailer: Till point (e.g. Pick n Pay or Shoprite teller) using a card","multi","AttrHelp","CHECKBOX"
"Retailer: Money market counter:AttrHelp","AttrHelp","Retailer: Money market counter","multi","AttrHelp","CHECKBOX"
"Retailer: App on your mobile phone (e.g. Takealot, Clicks App, PnP app, MrPrice app, etc.):AttrHelp","AttrHelp","Retailer: App on your mobile phone (e.g. Takealot, Clicks App, PnP app, MrPrice app, etc.)","multi","AttrHelp","CHECKBOX"
"Retailer: on their website:AttrHelp","AttrHelp","Retailer: on their website","multi","AttrHelp","CHECKBOX"
"Retailer: Convenience store / forecourt convenience store (e.g. Engen Quickshop, Shell Select or 7-Eleven):AttrHelp","AttrHelp","Retailer: Convenience store / forecourt convenience store (e.g. Engen Quickshop, Shell Select or 7-Eleven)","multi","AttrHelp","CHECKBOX"
"Mobile Network Provider: App on phone (e.g. MTN, Vodacom, Cell-C, Telkom Mobile):AttrHelp","AttrHelp","Mobile Network Provider: App on phone (e.g. MTN, Vodacom, Cell-C, Telkom Mobile)","multi","AttrHelp","CHECKBOX"
"Spaza Shop / Kiosk:AttrHelp","AttrHelp","Spaza Shop / Kiosk","multi","AttrHelp","CHECKBOX"
"Specialist service app or website (e.g. betting, flights or ticketing):AttrHelp","AttrHelp","Specialist service app or website (e.g. betting, flights or ticketing)","multi","AttrHelp","CHECKBOX"
"None of these:AttrHelp","AttrHelp","None of these","multi","AttrHelp","CHECKBOX"
"Free / low cost:AttrTop3","AttrTop3","Free / low cost","multi","AttrTop3","CHECKBOX"
"Convenient:AttrTop3","AttrTop3","Convenient","multi","AttrTop3","CHECKBOX"
"Easy to use:AttrTop3","AttrTop3","Easy to use","multi","AttrTop3","CHECKBOX"
"Safe with no worry about being scammed:AttrTop3","AttrTop3","Safe with no worry about being scammed","multi","AttrTop3","CHECKBOX"
"Confirms the transaction worked:AttrTop3","AttrTop3","Confirms the transaction worked","multi","AttrTop3","CHECKBOX"
"Clear and transparent about charges:AttrTop3","AttrTop3","Clear and transparent about charges","multi","AttrTop3","CHECKBOX"
"Works without a bank account:AttrTop3","AttrTop3","Works without a bank account","multi","AttrTop3","CHECKBOX"
"Works without airtime or data:AttrTop3","AttrTop3","Works without airtime or data","multi","AttrTop3","CHECKBOX"
"Lets me pay with cash:AttrTop3","AttrTop3","Lets me pay with cash","multi","AttrTop3","CHECKBOX"
"Available near me:AttrTop3","AttrTop3","Available near me","multi","AttrTop3","CHECKBOX"
"Fast:AttrTop3","AttrTop3","Fast","multi","AttrTop3","CHECKBOX"
"Someone can help if something goes wrong:AttrTop3","AttrTop3","Someone can help if something goes wrong","multi","AttrTop3","CHECKBOX"
"Respondent","Respondent",,"drop",,"TEXTBOX"
"RespCell","RespCell",,"drop",,"TEXTBOX"
"Interviewer","Interviewer",,"drop",,"TEXTBOX"
"gps2_maps","gps2_maps",,"drop",,
"gps_capture_field2","gps_capture_field2",,"drop",,
"gps2_browser_time","gps2_browser_time",,"drop",,
"gps2_user_agent","gps2_user_agent",,"drop",,
"gps2_attempts","gps2_attempts",,"drop",,
"gps2_capture_count","gps2_capture_count",,"drop",,
"gps2_time_to_fix_ms","gps2_time_to_fix_ms",,"drop",,
"gps2_permission","gps2_permission",,"drop",,
"gps2_status_detail","gps2_status_detail",,"drop",,
"gps2_status","gps2_status",,"drop",,
"gps2_timestamp","gps2_timestamp",,"drop",,
"gps2_accuracy","gps2_accuracy",,"drop",,
"gps2_lon","gps2_lon",,"drop",,
"gps2_lat","gps2_lat",,"drop",,
"IntManualLocation","IntManualLocation",,"drop",,"TEXTBOX"
"IntNotes","IntNotes",,"drop",,"TEXTBOX"
